Customer ID,Age,Gender,Annual Income,Spending Score,Age Group
9795712a-ad19-47bf-8886-4f997d6046e3,23,Male,55,57,young
64139426-2226-4cd6-bf09-91bce4b4db5e,24,Male,154,76,young
43417ade-6b17-431e-ae76-d8ed26aa46ac,24,Male,70,17,young
eb0e4ebc-fcc1-424f-b083-81987583ecc6,25,Male,88,17,young
b43f995c-c9ab-4c58-8f71-949de233ac71,19,Male,199,82,young
baa61fc0-4a1f-4210-916b-669d1ec44dbd,26,Male,46,12,young
05948202-e483-482a-9c02-6a655498002b,21,Male,200,49,young
dd6223b5-5aae-468b-b936-618b513d4e70,24,Male,109,6,young
d29643f1-551e-4353-a560-cf4e6797e003,24,Male,120,80,young
f67d66e3-9403-4d69-aee7-4a75c2a92e4d,28,Male,150,15,young
4d4ce6bb-da34-4f9c-8f1b-4c05bfe5fcaf,21,Male,56,34,young
d240e1a0-b50c-4bbe-8387-3c6082d42f20,23,Male,169,31,young
80d67524-2ba0-468a-afaa-5cbfaa28a8a2,24,Male,154,79,young
e9798111-9781-437a-a9b9-232fe9055216,25,Male,142,63,young
d41eea9a-569d-42fb-94b1-d4551204c936,21,Male,172,80,young
26852b46-dbfa-46f9-8d06-1b568551868e,27,Male,179,97,young
2bcc1223-2182-4117-ba07-1e3aa9d9b4bd,22,Male,158,83,young
052a6b92-7855-45d9-8903-5c9d69d6903b,27,Male,39,29,young
4884ace5-bbb8-4502-96e0-be564083da60,29,Male,48,53,young
edba12eb-e908-42c4-81c7-b6770912c7fd,29,Male,146,82,young
a0ab2029-178e-4eed-a816-277dd64035fa,26,Male,111,96,young
0516205d-d816-4d8f-ab9b-d41f1a560e1c,22,Male,41,40,young
7eab5cb6-b411-4003-9993-06061f62b7b0,27,Male,56,100,young
e5647be0-0575-4fb6-8b1d-13b06203bd70,20,Male,112,39,young
d54d2196-da54-4eab-8ef0-0db3e9cdab3f,26,Male,83,4,young
f78d1f58-e72e-42c4-ab4b-056bb0830791,25,Male,72,39,young
790ce395-417a-4943-a8ae-ce90da71ab39,28,Male,194,19,young
4e6f9bfb-77c5-4a14-95c0-497f123477a8,28,Male,160,71,young
5cda82c4-cf88-4949-a8b2-0412fdc67680,26,Male,40,23,young
9db67b3e-286c-4fdd-8a94-53f5a0968f86,24,Male,184,21,young
bb047494-340f-4cb0-b88f-e4c8148eb2ae,20,Male,189,21,young
12da3593-4e95-4272-9553-1fc6e36e47cc,19,Male,150,61,young
08568a01-b6c5-47b7-a64b-81822fc84c88,26,Male,52,75,young
86cc129e-2e37-4d6f-886d-76030c177dfe,28,Male,83,10,young
da000695-9784-4a92-af48-5d689ee890e9,18,Male,179,90,young
01dd3ddf-f994-4b83-81a5-67fff8ea7c0f,23,Male,142,37,young
b0770f6c-a81a-42e3-b2d9-042406b6b39a,24,Male,143,25,young
232e7d0e-a8ac-484f-a7d9-977cdf8ad90a,27,Male,56,32,young
58ac92aa-cfd0-4cad-8678-a4b83664f302,19,Male,82,10,young
26949bbb-adee-4a4a-b3cd-4058d5d3d261,27,Male,52,41,young
14deeb50-9d65-427d-babd-137e86ccdb5f,18,Male,98,58,young
470474a7-c418-46a8-a984-43abeb281407,22,Male,195,76,young
2bb15076-9b3e-4f3f-b9dd-cf877c455218,18,Male,159,56,young
cd405d75-c622-4f85-9a9b-bd631b7dd235,21,Male,130,7,young
3411689e-ddc3-4fe1-b900-af67c14e80d5,29,Male,137,66,young
2bdcd68b-f1db-4f53-895a-297b3fec0d28,29,Male,149,82,young
c5e1f96e-0d90-4ed2-954e-ace917275673,20,Male,190,69,young
e7e22028-a1c3-49ba-b4c3-3348ae98515d,22,Male,145,53,young
f8647746-21db-4c51-971b-1be0c59a881e,19,Male,45,53,young
c5dc7337-a6c4-45b4-a2a4-b60912d8be20,24,Male,199,65,young
b2d3e4f7-bc9b-4aa1-acb6-c775ddb37697,25,Male,171,70,young
60a3ee00-4efe-4278-9940-d8b9d252cc40,28,Male,145,88,young
eac0eabe-545e-49df-b14b-bdcf8919905f,22,Male,76,13,young
0c122e0f-5de1-4aa0-aeb5-79d285a9a73e,21,Male,145,36,young
513c5543-3d49-468e-b04c-fd765cae21dc,22,Male,100,28,young
767a2cad-d10b-4666-ac94-115312952d3e,21,Male,64,88,young
c06d4970-01f5-4d1b-995f-557a8682d0ea,20,Male,150,99,young
e7c07127-d469-41d8-9637-bb1feb142b29,19,Male,144,36,young
d7550ef4-119e-45a2-9caa-4b6d38518952,24,Male,180,17,young
f90b2c9b-d9aa-4ef3-a1ae-e38586a45255,18,Male,132,87,young
93c48680-8ee9-4a6b-9694-f4b9c1782888,21,Male,33,93,young
aeff892e-3d2c-4111-b4a2-c90770558d75,18,Male,154,30,young
a3223eba-f48a-46f2-9fc7-7968facf126d,19,Male,121,56,young
0b3b5239-c943-4338-8b48-7452c90e9dbd,27,Male,60,34,young
40f2d403-15a2-4c8f-831b-eb67bec3d898,18,Male,123,85,young
d0eeb412-7c8b-4618-be53-40d44cc2529d,29,Male,30,79,young
3fbc0386-d580-4fa6-b2a8-c65d816ff4b0,24,Male,150,24,young
0851f7bf-4d8a-4aa9-b74b-f69cd8475f53,23,Male,95,66,young
61a0bb1c-5d17-4dea-b9c0-0840b6994904,20,Male,57,4,young
3b12d2fa-127b-41ef-8558-30392ecea17f,23,Male,188,53,young
e4f1fb68-5c87-4bd6-a7fb-ae2fa5d04565,26,Male,187,42,young
4cc12057-c7ce-416c-afb4-bffbe37427d1,28,Male,80,38,young
b55e4804-739d-487e-9ae8-0f319d56ff1c,19,Male,154,6,young
f28be95d-856a-4307-a139-dafe8d6c3162,19,Male,59,23,young
c9849dbf-bfd4-4daf-a174-52e4091ef0ea,26,Male,142,84,young
1e8cebba-6168-4c92-b3fb-33921c32eb53,28,Male,76,96,young
b9d2a8b3-1333-456f-891e-43b25754dafa,27,Male,42,53,young
e98e29ca-d9ec-4268-8410-e15c38e93ede,25,Male,113,1,young
864f8277-42b7-4ae7-8459-4513801def0d,22,Male,53,82,young
6450a6e4-573a-41b0-8e71-34c56eb9539f,21,Male,121,37,young
45ed2b80-1787-4780-8ad6-057658abfac2,20,Male,149,1,young
dab020f8-bacc-4e07-9e86-b9092778e85a,27,Male,56,32,young
02366cad-6f82-40aa-bbf3-6dba096ca2e5,27,Male,122,24,young
61f403aa-ebf5-47dd-91f1-9eea5e3d0e22,19,Male,37,59,young
544be311-fb2f-4ef5-84c4-e50c014d2268,28,Male,123,98,young
9fd81de7-cb34-40a0-8ced-e074f2333b0f,24,Male,155,64,young
4d3db59a-c66f-44cb-bb20-27480f774597,23,Male,42,56,young
510189cd-7b01-4809-b4af-3a2f57ef0015,19,Male,113,97,young
89329c48-4973-42f0-a413-55de399231c8,26,Male,58,80,young
8973d450-ab41-447e-9dcf-bac97889d06f,21,Male,125,19,young
86911c8a-e12b-4287-9166-d3035664815e,22,Male,187,6,young
f53817bf-86e9-4273-8bb3-db82dba124f1,23,Male,37,97,young
6e6a9c08-341c-4463-913a-3dc7e622e384,22,Male,67,13,young
2a74150b-f591-478c-81e9-f0b956fdfb04,20,Male,74,96,young
34970139-e7e4-46c3-b74c-1a05ff9dc324,18,Male,34,13,young
c8c82e11-3aec-416a-ae8a-69ef236546eb,23,Male,159,70,young
abd31464-949a-4ad2-9199-c855406b5d53,20,Male,44,86,young
e099b97d-3fae-4742-80ba-f6b392619271,20,Male,196,98,young
757f30fa-6204-478c-9f9d-757e18a51a62,29,Male,41,20,young
a38ec5c7-d6d4-470b-8f6b-b2c6d54444d9,19,Male,85,83,young
b248a68b-2ddf-45ba-892f-5a5299b5b4f2,25,Male,121,50,young
69e2507d-25db-4d5a-98e4-1ce9376f03e1,21,Male,29,23,young
7ea446c0-2b52-4fac-8620-4b84ce1edbde,27,Male,182,9,young
11ff5174-3949-45af-aeb8-106302090fb9,29,Male,45,65,young
8c5577bf-e15e-4c12-ade7-7bca3085d55f,21,Male,87,87,young
0fb5bd5c-47f3-46e8-a3df-9e226a190015,20,Male,46,67,young
a7c44755-be68-4978-a331-98420604623e,21,Male,37,9,young
5dfe913b-b2c9-4b63-81de-e03e8b97d2fa,23,Male,198,70,young
63961924-20ed-434e-bb0a-9367d2462840,27,Male,63,51,young
9c3d83b5-6ee7-43ac-804c-61139dc551f6,25,Male,86,84,young
721a2545-e19b-4d03-bdcf-d0fd97c35787,25,Male,179,93,young
a4e8523f-e0f0-45d4-9bb2-ea98678f535c,19,Male,94,91,young
66208de8-0486-4192-b63f-0062b56df9c5,26,Male,162,61,young
3cfbdbc6-4bd3-46d9-ae9c-9a0ec779a7e1,27,Male,169,64,young
085bcbd2-80cf-4753-8504-0da7c5060ecc,26,Male,194,42,young
64359206-d6ef-4857-bcd7-d77a4c2bd69b,24,Male,172,23,young
5695382e-f364-4b9e-a4a4-39b4a544c6a0,20,Male,37,99,young
687de3ea-5c97-40fd-8ef6-e4fa9db7c864,28,Male,52,68,young
46b69081-8e64-44ef-8582-fbfff340ec16,24,Male,199,100,young
a14b4852-eebf-4920-8b24-d8aff2bac3ca,21,Male,62,81,young
add1dcb4-5ad0-46ad-be92-b7dc832eed7a,23,Male,24,89,young
c8ff17ea-4aa2-4aee-9ae6-703738850a34,20,Male,156,55,young
f43e3443-d7af-40f4-a10d-eda97aa32134,28,Male,121,76,young
baac694d-6140-4cfe-a286-fc2c8576fd60,22,Male,28,21,young
6e2b959a-5966-4bc0-9751-485cee88e2b9,28,Male,164,96,young
861e3cf8-50d7-49e2-9887-3d29a2bbf5fc,29,Male,120,1,young
ff011277-675c-4cfa-ac3f-b1777572d1dd,18,Male,167,51,young
b234e9fa-1b27-416c-b0b0-a94240b7aeec,19,Male,51,21,young
a523c141-7d32-438d-ac4e-1d79b00c2853,27,Male,160,44,young
cc26142f-8e32-488c-b6fa-39f0ac33c786,29,Male,75,15,young
f0fc69d0-ce6d-4dcb-b027-1b21dae7ce2f,26,Male,196,6,young
6281e95b-c194-45b3-b8c7-5e06b2a5c2db,25,Male,104,49,young
a51e4119-d08c-4a2f-b4af-8eeedc216de8,29,Male,66,18,young
e40fdb6d-ea3f-44ac-9117-8893ca7cf19f,24,Male,43,90,young
599816e6-3a1b-4a5a-a22b-b5c8405e5064,26,Male,169,77,young
1b7996c1-cb8f-4899-970a-fd458511177b,25,Male,136,18,young
d9123174-b3af-4fdf-9429-1e13c54605b6,25,Male,81,2,young
c87b599a-d057-479a-9b85-3353071f3640,27,Male,156,3,young
6bd7ef8f-fab0-4964-9419-7e1bdd918cba,24,Male,98,40,young
e21b806d-e0ba-43be-90b7-cca1da66b305,29,Male,44,1,young
dccdf258-e300-4ed7-8d97-700efba80b4e,18,Male,113,21,young
2e9a4009-678d-4383-ace7-cc1cbfc3f771,26,Male,178,27,young
e4b449e8-d504-4db8-beb8-789c2f702d68,19,Male,41,23,young
37d14e7a-41cd-4888-8b8b-66e33608633c,19,Male,88,85,young
6585097b-b707-4701-8784-e3e73706f652,22,Male,20,34,young
70e89c36-0107-47ba-8bd8-0f89d37f9a7a,23,Male,154,20,young
9ce7e0cb-64b8-4a1d-a8c2-b72fdf4ac18b,28,Male,107,66,young
00ec5ae3-2e8e-4a4d-a132-7f95884648a7,22,Male,32,99,young
12d5de9d-e2dd-49d5-9901-5fc95ac4227a,27,Male,137,51,young
10b5823d-7a07-4956-b9b5-3e8af0256d89,24,Male,150,90,young
5d9f918d-0346-484d-8a42-517ba162d795,28,Male,138,62,young
38fd6dcb-4ec5-44cf-8507-a5f80aebd24f,28,Male,155,58,young
c67b9659-905a-49dc-bbb2-873fba5bad08,18,Male,118,20,young
b27e34d8-5e67-4461-b76a-d79731d760bc,24,Male,56,62,young
8f2769ab-e721-40cb-a6e8-45a0b33a89b7,19,Male,74,43,young
43b2230d-4d0a-4000-b0a6-dc8f44e18746,18,Male,150,57,young
75cd5430-7720-4114-b7bb-a3aa6746977c,26,Male,71,11,young
4659026a-e439-47e1-bff8-3b4eb353580e,28,Male,41,72,young
d75b7b83-3434-40ed-b333-94fda100ff5a,27,Male,112,11,young
89491886-2900-4ded-88c7-4e80d3a4e2f1,28,Male,46,45,young
5d23e5ab-147f-4625-8bcf-2686cc127253,18,Male,93,47,young
d5f5fa20-7888-4c1c-8411-bae8508dc1af,25,Male,110,4,young
da35ac9a-7e78-4ac4-b28c-4076a4e1cf73,26,Male,95,40,young
d5b40102-e3cc-4523-be4e-098d976f507d,24,Male,191,97,young
16f66cee-166a-40a2-afcb-38196ca5d9f4,22,Male,48,92,young
78dcdf56-2974-46b5-ae3e-d79840b79d75,26,Male,49,89,young
ee179277-2ff1-45d8-81d0-629c8f48c5d4,20,Male,61,99,young
7cba37a2-4601-4405-a15c-120a116c2816,22,Male,156,37,young
080be73e-75e1-40b3-a381-d574a766bd9b,25,Male,193,61,young
a63e96bd-3564-43d3-be56-f81c4daba69e,19,Male,76,60,young
7bc86310-f650-44db-a11c-8623c4173e49,20,Male,94,25,young
fc177a45-8d89-4b8d-8ec8-ce253e78ed47,22,Male,39,69,young
b44511ec-7967-4298-a8e6-99e1d76a7dd6,19,Male,177,36,young
78bcfacd-ac34-4e7b-a796-2d1a01139fc4,19,Male,139,44,young
4ced209d-af9f-46da-b4c6-c6f073cf24ab,22,Male,150,94,young
7ecadba6-25a6-4b11-9ecb-94979b0392d7,20,Male,149,20,young
53c0da22-86ed-4cbb-9840-2863930820f1,28,Male,106,88,young
8b8f50d4-a516-46e2-a645-16e66be0dcc6,29,Male,179,50,young
2d03c29f-556d-4878-8b41-b0947f78b46c,24,Male,58,86,young
75591cf4-4d10-452c-b1a7-a54e43c4ac5b,20,Male,165,56,young
3551e4a1-8f89-400d-801f-958503ebbb6c,21,Male,30,34,young
a41e2b18-8f9d-4781-8d20-abff7a73ebe5,29,Male,145,43,young
2ce7c1e9-381b-4026-aa4f-31314bf41da6,22,Male,94,38,young
38fb278d-3a70-4ee0-af16-463631d5fec2,27,Male,109,14,young
32d300fc-ad45-48e4-81cf-4930305a11c8,19,Male,27,95,young
91097734-1781-45b5-8101-a05c768bc8f6,22,Male,192,40,young
c732cee8-1121-4012-bdad-43db7bc03b9e,25,Male,43,47,young
6154eeea-b15a-445f-96ee-95208f4338ef,19,Male,128,78,young
62dbb94a-a88c-4626-ba28-39a069403f10,24,Male,153,54,young
8d390530-3858-4eb4-b78c-f0e443aaf0a5,23,Male,93,56,young
20e1f929-6ef3-4d4d-b24a-86ef54af32b0,18,Male,58,52,young
231f6a6e-5be3-43a0-ac00-7a5e561dcf8d,28,Male,100,60,young
877ee396-be9a-4a46-96bc-5d7a483afaea,26,Male,77,46,young
2f86a36b-b7b2-47bc-943f-75d51b0dc945,29,Male,128,24,young
dbf1504a-02bd-4d11-8e3a-59c12656ac05,21,Male,137,24,young
7da69ca3-44f3-4549-b72d-fb34c7b31eef,28,Male,196,2,young
a959cec5-ad83-41c8-b8b9-681551b8ad8f,20,Male,24,42,young
1eb59be0-0a7b-46f5-9789-00e0eeff1353,24,Male,77,89,young
0ebd3ecc-4491-4471-aa15-a6a0eb28a937,18,Male,187,55,young
c813c84c-057c-4a7d-bf90-e3bec9ce0082,24,Male,115,30,young
7f785422-1a16-4c31-9485-eb1d4e2afdab,21,Male,84,6,young
907099d9-6b9c-4250-91f8-49f90ddf5c00,26,Male,198,47,young
a31b4e99-24d7-438a-ae07-6151e8cdb8ad,22,Male,28,27,young
5d8961dd-171e-4fb9-bd6a-6d53c44f1fa3,27,Male,198,70,young
d9aa87d3-aa8e-4001-a91f-4acc984b5dc5,22,Male,108,65,young
266edb29-ea89-471c-97ba-d8bcceb2ac73,24,Male,78,99,young
2d87c272-f2d9-4cf9-9182-bca31520b693,19,Male,195,89,young
2ae7ec6d-911b-48cb-9e9b-38f48d5bbfe4,21,Male,173,9,young
a591be49-6604-4bb2-8e0c-c4ecd939a1bc,28,Male,87,47,young
5ec9fd8e-c095-4888-9854-f752284a0fb6,18,Male,186,2,young
5ccdbaa4-f7a2-4cb1-bd2d-23b887aefffc,21,Male,189,48,young
a651cbe3-1c64-4401-b372-0af2e7ce4e39,24,Male,81,35,young
9d20b009-7681-4c50-b04b-33be0a0d3e32,22,Male,169,10,young
b5075017-45f7-436b-8c46-a9f1281d1c7b,22,Male,132,6,young
10c42f01-6b6f-4a67-bd5b-46371306f4f8,18,Male,94,26,young
ecf94955-c200-471e-8cee-d5558d73ecd8,23,Male,153,17,young
6e75783e-0c53-4bc5-9379-74759c6c6f17,26,Male,59,50,young
21370ccc-6496-44d6-8a4e-10bbb19afe05,20,Male,43,65,young
552d7996-3e32-4afb-bd9e-0fdf9896ccdc,20,Male,137,78,young
f8a8073b-828c-44f6-b605-d1e969394abe,21,Male,152,18,young
e65d3cbb-1e4c-463b-87e4-7c65fb7a43dc,19,Male,54,55,young
0b0881e1-4cec-4941-9cdb-c35fe5d9b437,28,Male,157,80,young
b23306b0-218e-4b41-97d0-0143df8da34f,25,Male,37,68,young
7f0154c0-a890-4c8e-82d7-eb745ceef822,26,Male,147,50,young
0ac0534e-02cd-4fca-969a-13ea57cf462b,24,Male,152,62,young
0ce7c5ae-fab0-4bb5-acb0-cb503675b2f6,22,Male,87,100,young
678a3ce6-f263-4744-8df8-5739583008b6,22,Male,192,93,young
b1e6d25c-ff58-41cb-82a4-95a6041efd67,26,Male,178,65,young
31142d72-444a-4865-9830-06bbfa007e19,18,Male,80,51,young
d0fc0de3-a054-42bc-8b62-a269ab845892,26,Male,179,1,young
cd0a9668-3a40-4b21-b73f-f029cd10b926,25,Male,163,3,young
4b7d4c12-b525-45ff-9547-86db1569e78d,27,Male,95,7,young
0237a2b8-dd90-4013-acc6-5ab3ef7fc514,23,Male,56,89,young
a9d2ab98-ca7e-41fb-aac7-b48f6de34a16,25,Male,181,88,young
bdc8c8b2-0afb-4d76-be41-01ac3910015a,24,Male,44,23,young
15ef6c00-b23a-4d13-8955-e0eb1b0a8363,27,Male,170,53,young
0a611bf8-ac56-4d0d-b699-c4e60d6c49ef,20,Male,121,76,young
d882f89f-e6cd-4843-a7e2-698f708aa5cc,25,Male,75,60,young
8d3ed208-84e8-4b64-9777-8e6ced671c3f,22,Male,173,70,young
071b1bd2-a161-4ace-8d44-8ed038a23f38,29,Male,192,91,young
302318f2-c705-4ec6-b4f0-cb6756c4aebf,18,Male,73,15,young
ff93e682-f29a-4d2a-90d3-547d280ffca7,26,Male,48,37,young
dd37f6a3-1cd2-4643-80ba-36f62c19ef86,20,Male,59,94,young
f28516da-5f5d-4e60-a9f0-0c263af7b496,26,Male,50,71,young
d9ff5dc7-eafc-4deb-a05d-efffffdf01cf,22,Male,29,9,young
fed9b1d7-f5e7-416b-82c6-84ad8495bd61,21,Male,97,94,young
0b14d686-3deb-465d-8dec-3dc9e3bd0716,29,Male,94,35,young
0eebfd40-4a36-4ac5-92bd-a758a445340f,19,Male,147,8,young
4317f10e-7455-43e1-8f51-7f4ffb1d1248,26,Male,171,2,young
3c036622-0520-4450-9a85-98ae7872ad02,27,Male,177,57,young
27179d48-7330-4e87-b5cc-29ce83fb057a,20,Male,136,68,young
abb78d7a-0c73-4e71-ba1d-7a17dfbb8c95,29,Male,72,69,young
139b3ead-62a0-4e97-9174-24a8a42fb197,25,Male,142,2,young
dfbb875c-a475-45d5-b4a8-d21c0e9a5f1f,21,Male,109,56,young
f2c2b761-0771-46d4-9037-5545a461bf6b,27,Male,144,85,young
34af4128-8f25-4443-91e4-34e1e826b8af,26,Male,112,99,young
6bae1c03-b52f-462f-92cf-a1ebb4df1128,29,Male,179,72,young
78d98336-1476-4472-ae0a-e17cb6c192a4,18,Male,198,26,young
ec534586-3f48-49d8-93e4-3d932c0d0142,27,Male,92,38,young
004b453a-5742-494f-89aa-c5cbd55a87a7,25,Male,169,21,young
edf7059d-313a-4382-806e-66db7311b046,18,Male,144,60,young
b36597dd-3639-45b0-a8af-fcc53daeb6d5,21,Male,76,47,young
088b960a-9613-43c5-9f35-e5b06ec1902c,26,Male,177,75,young
447f21e8-8c9e-4fd3-9b59-323fcb3b63e9,27,Male,200,74,young
88be2e4f-8cd1-4d38-a512-a8f8df0d0079,24,Male,31,66,young
71b9f2a1-7a16-4e31-89ac-9db3c27f1f40,24,Male,187,60,young
2ae2eb39-dca0-42bc-8346-3036c65e7c48,22,Male,140,35,young
24291a70-3023-4664-9190-c28620b4bb97,29,Male,95,69,young
f4d4f475-4981-4d4e-8a5c-b87ab1610472,21,Male,97,95,young
908afb63-9663-44c0-aada-2c0aabebcb50,20,Male,52,80,young
21a4248e-4799-4181-9395-888154bb1fd0,20,Male,86,90,young
5b0c0304-faa0-485c-be1c-3a3e4332e965,21,Male,115,55,young
c0364c13-d06f-4d9d-b583-47aa32c5a2aa,19,Male,90,49,young
3c816d88-da88-4daa-9b89-89539eada1ab,18,Male,149,53,young
cf18f8a7-879e-4cd1-b535-08c2990ba13c,19,Male,188,15,young
801b2f5f-9881-475b-bf0a-2cae1e6f89db,21,Male,127,47,young
d29e2ca6-b4ed-4104-873b-964274757181,19,Male,183,2,young
d9ecddfb-4224-4cde-91d9-2a20088fe850,25,Male,105,10,young
0d0cc51a-a886-4eb5-855e-96433aeca81a,22,Male,93,97,young
d4da8e82-e111-4598-8f97-b4c1d16d5238,24,Male,185,88,young
f75677a9-d92c-4771-aa0f-229e1560549f,19,Male,90,18,young
7c1ff81d-4579-4886-833f-7d1b8a161d2f,26,Male,177,90,young
f34a6b5c-b952-4238-af45-3a64fe96935d,24,Male,144,85,young
92130020-6422-4963-b276-fb8b6c04f18a,29,Male,161,27,young
5e79c6b3-ad9b-47fc-bb02-8328db6c36bb,22,Male,162,22,young
5b67c224-dce1-4725-9d1d-93698c9003bc,25,Male,118,66,young
2c6578ca-c505-4143-a9ae-697721623f1c,25,Male,21,2,young
1ebe4882-dad5-461b-b6e5-8464afe2e8bf,29,Male,41,91,young
bae9db42-58f0-451d-a4f3-e0cb50d1b3fa,25,Male,92,49,young
48d4a055-8319-4aed-9f7f-e172833a0734,19,Male,60,72,young
c338e9a6-09b4-43c0-8028-d883ebc52e51,28,Male,74,56,young
9e84ff8b-729e-4c0e-8f84-5a3ae64b1f4a,25,Male,181,1,young
8d0c93cf-1f18-40ee-82ce-2f1f73ce5bd2,29,Male,197,75,young
f037a7da-5db6-4ac1-94e7-52cce525e972,18,Male,31,9,young
22cf03d1-4868-4043-aa6a-c695e162e8de,18,Male,174,55,young
f7783810-6590-452a-a828-163d36c8e0b1,20,Male,197,91,young
a81da0b5-72e1-45ce-a1c6-449c460e1f72,18,Male,54,65,young
8510754c-a859-46d2-a0db-99fde76c34b8,27,Male,179,36,young
d9aebab2-e2ce-485f-9a43-3c2c5e89f060,20,Male,140,91,young
e3af1d9f-3287-4e91-bcf0-fac957557823,23,Male,150,9,young
979d1501-8270-4a16-bde0-6f9aae69d87b,22,Male,197,76,young
c6b713bc-6c71-47b4-afcb-538d43464be8,25,Male,178,4,young
cac2e651-df18-4049-bfea-d52ce71657be,29,Male,32,76,young
4846ac44-222f-4143-a0f7-555764a61fcd,29,Male,58,100,young
b5485353-8cbb-47e7-a7a8-2f6bd91255ec,20,Male,162,73,young
fb4bef35-5c42-4702-8951-87ae9716519f,28,Male,98,99,young
a0206871-1dda-47fe-9613-67c7aab7f0b6,27,Male,145,69,young
f6364427-2f5e-4698-b7c0-4aee40973bc2,29,Male,173,56,young
75c63bca-c518-4f90-aa60-3efc4616f153,25,Male,184,69,young
8797aa7c-fce3-4a0e-af66-8b05dd052f35,25,Male,24,19,young
056494a4-eeb9-45c7-8f23-a200b3bf9ed5,24,Male,69,65,young
d2702c15-eb1a-417d-86ca-dcddb161ca62,18,Male,185,96,young
70b73e4b-ed5c-4d44-89d0-6ba4aa0aec2e,27,Male,73,95,young
16da6712-7f40-4b80-a661-1e026e481858,27,Male,148,48,young
6ae8f024-76f4-4655-a772-3e84104f6d0b,21,Male,28,42,young
442ae596-b772-4f1c-bba5-0ba5f8ba0696,27,Male,175,27,young
3d7a4fcd-5176-46e0-a7ca-c489887e1e73,28,Male,127,21,young
5ad1230f-d832-41b8-a47b-f40cc327a0e4,20,Male,148,99,young
f86e0896-df13-44f4-b572-535f69bbf595,25,Male,45,72,young
e1c074c7-52f5-491c-ab06-584258668d3a,19,Male,62,47,young
dbd5eaab-0c19-4960-9b9d-bb7fcebce20d,19,Male,180,62,young
d2dc09aa-a3d6-42a8-a292-6f8839de4b15,20,Male,65,16,young
292028f9-6141-42d7-a93a-3fa1e7be2cee,29,Male,180,23,young
8db183d6-024a-4ee2-bdcb-839b2132ca58,26,Male,24,12,young
ed1cf8ed-c0ac-4e2b-abd0-5f3b04200cdf,22,Male,98,72,young
92347507-9fc9-4e9c-9275-53f4e34cf502,24,Male,127,82,young
ecab9fab-c1db-4888-9664-294634813082,28,Male,159,1,young
93d04fe7-32b8-497c-9218-37f5649ac93f,26,Male,189,78,young
825f2a20-a474-4e0a-b693-a56e7d6892b8,22,Male,148,16,young
20c15ed5-53bc-4d27-916d-56240f965c35,27,Male,112,46,young
588bfb54-c6ae-420e-ae75-6615d083db7e,19,Male,49,43,young
9011d5f8-4bdd-433f-b6c5-09335fdced79,26,Male,72,32,young
fa460b2f-5c9a-425d-a33e-4d2731c6e095,21,Male,134,75,young
1a59cf48-8a11-4e6b-b184-7bd6dd916754,20,Male,147,15,young
4c1c5c0f-6412-4f65-96b7-f9fa361a8de9,21,Male,47,57,young
ba656e4d-8eeb-445d-b600-625597a2470d,28,Male,176,73,young
27525b2a-2653-4e81-b205-ac593b3b928e,27,Male,55,66,young
83ed536d-c44b-4a0d-8973-636edb723ead,19,Male,107,7,young
cc839395-0d9b-47ae-9172-92d446c2cb0c,27,Male,99,50,young
233fb3bb-1548-454e-9e8e-23637365047f,19,Male,60,98,young
0092ccb9-d846-4426-85c0-423005a204cd,26,Male,176,8,young
838e6a81-c986-4348-99a4-5351e755abef,27,Male,199,48,young
f96e6251-4f56-400c-b751-f8984fd65889,24,Male,178,59,young
857f41b2-c595-48e9-839d-ae867c2a434b,26,Male,174,86,young
d2ad89a0-d68f-40ea-aebc-4948b1eb5912,28,Male,44,36,young
03f06118-5531-4d04-ace9-88e4e49e047d,19,Male,66,53,young
9be9ed6c-7b34-4c16-8ba9-b4005fc62084,27,Male,128,90,young
6224b123-f49b-40bf-908a-c152f55ec31e,22,Male,41,94,young
2c58607c-c91c-4432-b967-f49b07cafa29,26,Male,188,83,young
081728f4-ecf0-47c5-8df2-f68802591e94,22,Male,36,55,young
bb58660c-ef52-4e0f-bbce-36ae3d0b3e4c,18,Male,52,28,young
38c153f5-7c26-4708-a794-1d0d321b8ae8,28,Male,90,19,young
2df26d23-7713-4152-bc39-a4397972222a,27,Male,77,4,young
700e20da-17fb-44d1-8aa1-546929c017d4,23,Male,102,40,young
a8f7e52e-f8d6-46e7-9918-2066821c5873,29,Male,35,99,young
8aba0f4e-5a7d-44af-b14b-e577ae52ed94,29,Male,146,5,young
9754b6bc-f18d-4e5c-8777-371b56626475,23,Male,48,42,young
e6dcaabe-30e1-4614-8e89-8bb1b65bef39,28,Male,121,57,young
b4f8eb8e-c5e2-4428-b29d-f2afe2196040,18,Male,152,13,young
a137574a-252d-4144-a08e-2747bc3efe1b,23,Male,87,69,young
23f0d88c-d7e3-4265-8789-682b260acaab,19,Male,110,64,young
6305eee9-f9bb-4fa5-8100-73d6b9a36af4,25,Male,33,30,young
5ed3e840-8a5e-41c4-ac84-671c5cc38d9b,23,Male,99,65,young
911a0096-38f4-448a-a02d-591c09cd8e54,28,Male,113,78,young
2d3872f4-9291-4fd8-9991-fd48aa888ca9,28,Male,21,45,young
e42391c6-ba60-45de-9804-37d61802715d,18,Male,33,4,young
8e3cd5e5-3e00-4751-b4d6-bdc3462c00c4,25,Male,104,55,young
6a52a6ec-9596-4ecd-9347-37f6520fee08,19,Male,183,29,young
6ab1e40f-9d9d-48ae-ac2c-a054b7dcbcca,19,Male,63,50,young
154d6532-8a03-447b-bdf8-5763c91260ec,21,Male,89,17,young
4d1e4ed4-ea0d-4465-994c-5673f614ea6a,29,Male,111,29,young
632b4fb8-e279-450e-8b3b-fd51b25697a4,27,Male,137,73,young
b9118cb7-3f81-4195-821b-815fe4c6a6c8,21,Male,73,93,young
26f25ef4-9b9a-4485-8b40-44bc68cbd36c,19,Male,182,88,young
3dd30764-97d6-4f96-8c15-3fda08f15ccc,24,Male,188,52,young
67cef2c7-5270-4141-aa19-d40d517d3167,22,Male,173,95,young
099cc13b-71cc-4b15-9501-1b28e140f1b9,18,Male,96,76,young
8fe3bcc1-0936-4de9-9703-44411634a13e,21,Male,180,8,young
375d7029-7bee-4bd3-b32b-da36f27a718a,19,Male,154,68,young
c1a6b14f-f4e1-4963-b837-8fb46d89723b,25,Male,178,44,young
39485910-47b5-4311-98ce-9b960c7911ea,21,Male,64,78,young
886c64bf-c71a-4bc7-a56f-3c5050277d69,20,Male,188,43,young
6cc871cc-9b60-4331-bfe6-e395edbeb84b,29,Male,145,90,young
03d6f551-73a6-441d-86a5-f885565e7c44,24,Male,53,9,young
6a0279c3-8360-4ecb-9baf-0dbfce81caf9,21,Male,85,95,young
bbbad962-5b1f-4b3f-a88e-7ae746b33428,21,Male,175,54,young
9972b1a3-7f00-4327-a280-1bdcc5641542,21,Male,182,11,young
589b7ab4-a428-4215-aff9-495d84b8f86c,20,Male,92,10,young
e8a12c0d-c48e-41c2-b931-01cd932ebd5d,22,Male,172,92,young
38942878-8d52-4d62-a05d-9382d9b7bd55,24,Male,20,60,young
87b1e6c4-4934-406f-a7b7-1f96af66adcd,18,Male,63,68,young
b7b0b738-c69d-40bb-8a1a-16388775db71,24,Male,78,37,young
d47ddf68-338c-4f10-ae03-ea926f8dd97e,22,Male,88,3,young
6cd1cf1f-5fa8-44ca-985e-70f37eea9085,18,Male,172,95,young
48ffaf46-22a2-4cc2-8b4a-1ac969f17d3e,23,Male,168,13,young
1de3d21f-95bc-439e-8331-eba3a52a1be2,19,Male,50,4,young
2421b03d-2a95-4273-bdd6-4e1692494bc1,19,Male,34,74,young
7f6c0706-4ddf-4eb5-8213-89256c50a397,24,Male,114,29,young
b1c6fbb8-61ba-454f-aa9b-1fa5e6366d60,22,Male,165,57,young
844abddd-53cb-4c25-b571-3a880276a648,25,Male,67,14,young
0b072a0f-4c3e-4aee-965c-c57e1a64f5f3,26,Male,156,59,young
c8a10a5b-7752-4a77-8f4a-ab766eb87d4a,29,Male,172,54,young
c591e858-659c-43c4-92c0-856b70837a5a,26,Male,77,63,young
32aaae35-9913-4486-ac80-e9555f1ce64d,21,Male,42,70,young
3c2e2e8a-5374-4367-a773-3845a526420e,28,Male,107,51,young
5143a34d-1f7d-48af-9015-1802b397e4b6,23,Male,53,7,young
b5d5a5a8-0cb6-46ef-9584-03a457bbd04f,18,Male,48,17,young
73ac91e2-6b57-4fbb-89f2-ef50b757a980,19,Male,56,93,young
f32fa206-86fa-4d4b-bd62-acbafa3f7b2a,29,Male,65,22,young
3d0a150f-5b0c-4529-bb21-625f2023ae59,21,Male,41,46,young
3bc048bd-4255-41fd-9730-43d942fd832a,23,Male,71,21,young
fb2ce14e-821c-48e0-843a-148347d69d30,21,Male,166,18,young
6dd12ebe-4afb-4dcf-937e-d1150856fc6b,25,Male,169,6,young
cc563259-c62c-4932-ab60-9d1cac5ad248,26,Male,175,11,young
4564dfab-43b3-4eb0-baf7-4aa848b58026,23,Male,51,23,young
9cb63a29-a762-4f68-87a2-3f1f6abd195d,21,Male,35,78,young
5f055aa8-6259-41ae-bab6-235057397746,19,Male,48,80,young
2c9321b3-e02a-4441-8614-fda44fdb7fd1,20,Male,118,43,young
c4dd3f58-3f0a-4954-b237-0d4f4377ae58,22,Male,40,51,young
680a2a82-b953-4a20-be36-f100f7217d88,23,Male,190,24,young
13e1035c-3d9f-43be-a148-8914b57bd7c9,22,Male,188,78,young
51de7156-3420-42e8-881b-a4a1d09b3cfb,26,Male,144,52,young
513c468b-6ffc-47ac-a1c0-74178379a337,28,Male,119,87,young
d02f2eeb-6d87-47a2-a9ac-d4100caf50b3,23,Male,45,90,young
66a258af-f413-40af-a7e3-27aef4da9f2b,23,Male,80,84,young
cac92066-106e-4900-9ac8-ec84e48604fb,25,Male,49,98,young
4be91476-bd05-4e5d-a315-b4252e486f52,24,Male,96,65,young
a951132f-c2e6-413a-9313-abdb241de7fb,23,Male,136,67,young
7428e26e-4135-46cc-9a45-6be28833ef06,25,Male,200,25,young
dd6a986e-02a9-4627-96a4-b4dbecce7eb9,26,Male,110,100,young
d00c14fa-255e-4fb9-b94a-198abbe75ca5,22,Male,33,67,young
eae0e35c-5fb3-4b52-bf05-d5f2464ce41e,29,Male,102,27,young
fb9f13ee-bff8-42a5-8b75-da85629c424b,20,Male,116,85,young
67f38c60-166d-4752-8775-f7b682e4a886,28,Male,69,9,young
055f865c-7a22-4104-8637-553eeaf6a168,25,Male,35,77,young
da34c981-a807-4d40-a414-2082f52fa022,20,Male,83,86,young
e44756a0-f9b6-42ce-8cdd-f21b3c479826,28,Male,31,74,young
dfc7c7bb-fda4-437a-a9af-90961f6edc59,20,Male,145,63,young
823882e0-e97e-4454-9f20-c1de23411d42,24,Male,79,89,young
1f7fe7f3-66c1-4599-82cd-38a905138c17,24,Male,39,8,young
2781731b-c94f-44e3-99a9-712f23c86062,27,Male,182,60,young
a45f8eaa-d635-41bc-9497-a3a44e90b44a,28,Male,179,45,young
a90633ab-b02e-4f03-b2bb-49a035ebc70f,22,Male,136,70,young
e150a58f-4b33-42f4-99ce-6c12c6212b86,26,Male,200,84,young
8259f501-f6ff-4f25-9831-6e8267d823ff,27,Male,181,24,young
13d7f740-fdad-436d-b2b6-a7aa05ecffd4,19,Male,160,6,young
43db411b-1164-478c-ac13-cf8b035eee47,20,Male,143,67,young
874b3797-be1a-4934-9c33-73665c05c8eb,18,Male,46,12,young
4066347c-8a31-4547-81da-cdc79d107158,24,Male,83,51,young
d956e701-905a-476b-a18b-77026b1560d7,19,Male,38,28,young
07136fae-6b6e-4411-b840-8a4972c38767,24,Male,50,19,young
cb91495f-b2a3-4203-a26f-0391ac38e1cf,29,Male,56,11,young
f29ea683-be48-48dc-9f9b-d2dc9a5b716b,23,Male,155,68,young
a428f319-8c1d-437f-b67e-958558dd41ed,26,Male,191,18,young
c3194028-aff1-4ad1-a09e-c70fdcf27055,28,Male,196,79,young
1fc8c15c-63df-41b6-b4a2-14971e3103ea,22,Male,42,94,young
74a6c8d0-a282-4078-acf5-28b71cd39fde,23,Male,160,68,young
274979f7-31ca-42f6-a6f5-5471dee2a6b7,20,Male,169,81,young
aacb874f-96ed-40ef-83b5-52b80b92f796,27,Male,99,97,young
baca7714-6a9b-4280-b4f9-5a14a6198979,19,Male,34,37,young
08492599-2adc-4137-954f-58f2c0f3331e,24,Male,22,98,young
167ac54c-6ae5-415e-a3d2-7c5156fb5a33,28,Male,90,30,young
630afd01-fef3-4b01-afd9-ddcfc2a00346,27,Male,45,84,young
143245e4-98fc-4b25-a956-47e92b9e96da,24,Male,82,82,young
c97c79fc-a08f-4070-aa0a-763e5468cc4e,24,Male,111,40,young
ee76edb0-0b13-44ca-9c12-c67e8c92f7ca,27,Male,180,85,young
b2c6289b-78d8-4821-8dae-9f162d7f6545,24,Male,32,78,young
a91577d8-a61c-450b-a0f7-59aef01b3ee3,26,Male,161,64,young
4932920e-f615-4ba7-8235-1b858ac93667,27,Male,161,91,young
4b6a1f70-8e67-4677-bb9a-976c5304fc48,29,Male,69,56,young
303f5480-98ce-41fd-bb94-1250da30564e,18,Male,50,12,young
790d893a-6559-4458-a511-44f0f605a067,22,Male,194,9,young
44983f4a-1733-4943-994d-2da2aca314e3,24,Male,128,97,young
5792e091-d9b7-470d-ac3f-2fc4ac090ea9,20,Male,41,47,young
6a9ed1ef-bb0d-4e75-9971-6b2545ba4640,21,Male,114,59,young
99e5032e-d27b-466c-8aac-6f1df0daee87,25,Male,78,72,young
b65135a7-1465-4eb8-a9ea-c4e26a243b14,21,Male,51,5,young
d6d4428e-4ee9-45ac-a725-512c7ada4296,28,Male,131,61,young
1ca7bf3d-7973-4ca5-a2c2-109c12fcb64a,21,Male,22,52,young
a83851fb-17af-43fe-a782-abcdb584a037,26,Male,60,66,young
8466af73-a02f-4383-991d-ef9f52799cac,22,Male,199,30,young
e52c982f-26b4-48e7-9f78-638cd9f6ae4d,19,Male,51,94,young
1d6e2dac-52c7-4a0d-aefd-22ee64f807e2,20,Male,183,38,young
258f95b9-6944-4ffe-89a5-25015a69d4e2,29,Male,60,94,young
7ea3c354-86d4-4547-8415-6bfc5343eb10,23,Male,159,53,young
1ec9446c-9e43-4732-b8d9-43e0d29480ab,27,Male,159,72,young
38e3dcbd-6282-4e44-b2d4-69aceec87f35,25,Male,35,80,young
9d770b84-f037-4029-afad-5039eab82409,19,Male,116,59,young
0b9a82b0-42ce-464c-a661-4f3850436727,21,Male,115,14,young
e1876a17-c88a-47bf-9783-ddf330eefcc5,28,Male,142,27,young
c54798ee-c72f-48b6-b56c-bea73e10ee9a,18,Male,101,45,young
e836b2fd-9213-452e-ba2e-8b77a07c813c,27,Male,146,15,young
60835f02-5104-4ffb-bc05-2a05f7023205,23,Male,50,50,young
f3dc163e-42fc-4c22-959b-3da77697a53f,22,Male,160,71,young
03c731be-9b0d-4fc6-8faa-81eae80d1f8c,26,Male,22,96,young
42f43c10-f015-4902-a52a-723e824cda22,18,Male,71,7,young
1077e439-064a-4a3e-8711-5fdc2ebf226c,19,Male,122,36,young
13f32015-847e-40d6-9e87-00801cbd7d9a,25,Male,198,3,young
c352b297-78ef-4ed2-afa7-82d04fa29721,27,Male,22,77,young
b36c770c-49fb-4038-b20b-c21cfb1f5b35,25,Male,146,79,young
825dc0e8-4311-4f10-9df3-72cde46f7b48,21,Male,45,55,young
0f8b7765-853e-47dd-99c1-651008326cf6,18,Male,179,86,young
f5219765-9c25-41ce-bfbf-2683d4338da0,21,Male,47,1,young
41ce09d2-f8d6-432f-96be-ce5900cfcc18,19,Male,28,23,young
7a9df5c5-dfe1-46e8-aefd-74a742ae0bea,18,Male,174,4,young
d254e302-089e-4962-9197-99620e75b7de,20,Male,23,81,young
248a0d5a-6905-412b-8fd5-07a94e008b61,25,Male,46,64,young
7c561f73-a826-455d-a7a7-abc918de2bb1,22,Male,151,71,young
4ddb1da0-cf29-4876-a6e3-cfd4940815a8,29,Male,43,51,young
e5e4102b-b4be-4863-ba4a-454c958a6ba2,27,Male,62,5,young
641036ed-c4ab-40c9-975f-b8ac36acb083,29,Male,163,21,young
6243518e-5f61-42d8-9fc3-66e75a0a7397,20,Male,79,51,young
c78c5932-9490-45c7-aa19-bf5a80d331c3,27,Male,110,51,young
e729c7cc-9582-447f-b097-ece893e3f8cd,27,Male,152,72,young
83ed2c36-a344-493b-90ad-293920d1e6d7,29,Male,109,63,young
42dee5f3-9f47-42ae-9613-ec7d00c2ba13,18,Male,102,50,young
4a95c162-0ca2-45d9-a1bf-975a206e87fa,21,Male,29,28,young
2f07e618-cf48-4d41-99a9-06e0702fa32f,21,Male,119,25,young
f96c9f58-949d-42cd-a7a1-f68bba1f3ba1,19,Male,164,76,young
dc46cd7d-d260-4ff7-bee7-768db6f23fd1,26,Male,149,89,young
864064e0-7493-4c4b-9d75-2c063f0cfad8,23,Male,188,33,young
38c4e928-5f43-4afd-bac0-7b2da9d7a318,27,Male,47,23,young
b5bcc859-cf25-4070-95d1-9e73994bb874,19,Male,121,40,young
44411742-9f27-47d8-b28b-0d7cebf34300,29,Male,97,39,young
afc6e3d7-8a82-488e-b36f-720f8ca28793,25,Male,24,82,young
df4b3427-c7d9-47e1-b553-29a67e435a10,28,Male,61,47,young
eb17a258-9d7a-4f69-8680-3353b9c59033,20,Male,104,45,young
efba7ab7-2393-43a9-8605-51672077d724,20,Male,104,73,young
69daaa0f-bf30-4fea-8c52-5a0f4391a822,26,Male,25,54,young
e25d0938-d5e6-4913-aa1f-31dcaf652ef7,27,Male,185,16,young
553d6b19-8f15-46ac-bfe5-4100579c6fe7,27,Male,66,43,young
07e6225a-0654-468a-95ba-2f013e358a3c,29,Male,91,65,young
7684a04f-9b43-4cf9-b0a9-86bb9d8f1bf7,20,Male,191,96,young
a0b7a2e3-ccfe-425b-b9ce-038d2e07f5d0,21,Male,88,28,young
29af35dd-da73-421c-872e-33fe72f66d85,27,Male,125,15,young
7d34459a-2ab3-4245-a141-d219bb606d80,19,Male,45,59,young
7f3f5deb-7a4c-41c4-aac1-3a8c474d1d45,29,Male,61,96,young
b9664a79-154b-454b-bdf7-773f72545c90,24,Male,170,37,young
8e4e3869-de39-4fea-a112-788f5987706b,26,Male,200,37,young
a179b024-a8b2-4034-a22d-1badeafa354f,26,Male,124,37,young
f8054827-1355-4453-97b4-b9dbaf36a8ce,18,Male,126,62,young
48ddd640-2a50-4ba8-befe-dfb149b7c56c,22,Male,51,65,young
2e938dbd-af52-4065-88f8-660726756309,22,Male,107,12,young
cd8f1c20-28e9-49e3-aa1f-8dbc69a31036,19,Male,108,32,young
5731942b-134a-45fd-a072-8055883c853f,29,Male,38,90,young
0015128e-5ee8-496e-b14f-d75fd6127a19,22,Male,59,99,young
6430a43f-241d-43c8-ba03-46db46cff7a0,25,Male,114,41,young
098d0093-71c5-441e-9674-50a5f74e25f8,29,Male,145,82,young
7d9796ba-88f1-4e7e-9e39-ebc3ec4e4e32,28,Male,89,3,young
424b27f4-7f91-4c4a-9ddd-54889f42d0c2,26,Male,35,19,young
2d7277d2-0a7c-4e8c-b2b2-7d2293112b20,27,Male,81,40,young
492905e1-941a-4419-b86e-03e701a68ec3,21,Male,26,60,young
462c2b7c-1654-4359-b22f-aeca5b807f79,28,Male,37,48,young
b9c58bde-5565-46f6-ad04-9196d0b4c7b3,26,Male,165,1,young
c3ceeb5e-a3ad-43a0-8519-a2685500b356,21,Male,55,84,young
85be91f2-983f-4ddf-b813-4ce1fadb0779,23,Male,74,96,young
9d45e6b4-98d6-4a5b-a4fa-4f771434f4e4,18,Male,123,44,young
0bc523de-6c7a-4e26-8af9-6a62434c9bfd,19,Male,117,95,young
edc9bcdb-279b-4fbd-8d46-af9d53bfac0e,29,Male,192,73,young
0a7af577-d645-451f-8543-4ab2524aa5ee,20,Male,143,29,young
22dd1a94-50dd-48c0-a007-b6e56f4353b9,21,Male,136,1,young
9e7c234d-d887-42cd-8a04-f6e9ad87dd84,21,Male,38,71,young
f27b0959-0ae7-4747-bd15-323e455481fc,19,Male,125,87,young
6b98c871-919e-462c-a66a-0c9197cbbf22,23,Male,141,76,young
2ced4734-2f2c-4577-8a40-8c64f41d9544,29,Male,104,8,young
021f852d-4399-4355-bc66-4f9c148d8f78,25,Male,43,6,young
90075cbe-27d6-4d42-a75f-4c92979c1788,25,Male,168,57,young
64da2a19-88aa-4ce1-bb5b-ba36b6f51e0f,20,Male,170,2,young
ff071d02-5908-4f90-8fdd-024450a80390,20,Male,36,12,young
7c9796da-44e4-495d-93f1-0b6e2ab043c7,20,Male,102,6,young
842cf544-71db-481c-ae21-f7672f249e6c,24,Male,73,65,young
e46a3f73-6f89-4d26-8ead-3bc6933b8da7,26,Male,146,5,young
024c086f-191c-49ba-a466-8d7378c8ff4d,22,Male,183,98,young
10022562-b3c4-4842-8b4a-bae554326324,25,Male,92,6,young
a66592f8-5343-49f7-b740-b707bdfc3c00,26,Male,190,11,young
2ba71ab8-e6f2-4254-a30d-f41896476570,29,Male,57,61,young
89fd3c79-c383-4697-839b-61eb14754414,22,Male,58,33,young
6e8a2409-95b8-4970-b5a5-cc2867159efd,21,Male,36,79,young
07af22ed-4db3-4240-830f-b0b3f2472013,27,Male,85,49,young
b0a85c8f-c27b-49f5-b23f-075fde3e8a12,26,Male,108,90,young
efdd713c-9332-4ea5-9885-b09a1ba3c722,23,Male,194,91,young
2d460090-ec36-47b8-a34d-2e970c436110,26,Male,195,37,young
0055fa7a-f74d-4e6f-be70-27449862a5ef,24,Male,125,55,young
cd189bf8-8b6a-4a80-894a-035bb4c22cef,24,Male,65,45,young
e778b1ff-b606-4825-8581-675f02ab7de7,21,Male,176,47,young
0b5659c5-5bce-41ad-be83-e47af2807d5a,27,Male,121,45,young
60b0eebe-aa69-41d5-a19c-e6dde4bdc1f0,19,Male,182,76,young
eb3480bb-3c70-40be-a804-8940af4934d6,29,Male,194,65,young
2641774e-a4ee-42fd-89c6-af50b103587d,26,Male,109,25,young
1bad13a4-3c3f-4daf-8293-662bc8df48c0,27,Male,60,46,young
45a238a8-7b40-46f3-81a5-35e0cb94ae75,29,Male,88,30,young
6bf3bf82-2862-435d-851a-5212fbc15f3a,27,Male,84,51,young
1a0800af-4eb7-4618-a912-1ecebba151ad,19,Male,99,81,young
1e7ebe51-1bef-4197-9e62-11983ddc15eb,18,Male,67,27,young
abdf980b-ef4f-4d20-94ff-2361e5dbdf78,26,Male,175,72,young
63d97680-a515-4dc6-905b-89f535683b1d,22,Male,77,29,young
b09664f0-80fc-4ad9-aede-d2b2cf2ff9c3,19,Male,134,57,young
31dbd18a-a6b5-48e6-95b8-43e9457eeda6,25,Male,104,87,young
1c8c32ea-f772-464b-b9fa-439b12cf699a,18,Male,158,64,young
d7e9227e-a363-492f-ad9f-88cccbffe30e,28,Male,132,70,young
d3afdd98-09ec-4315-9eb3-c87c8ed82078,29,Male,133,23,young
ed754a65-605f-4e86-bbd4-c4f7ab96a00c,27,Male,31,29,young
bbd8051e-0391-4373-aaf7-8e5cdd730c68,27,Male,59,18,young
aeb45b22-537f-4f21-b2ab-f47f1b8fdc99,23,Male,85,63,young
78ca6151-ce48-4ca9-ab9d-20c60f232e98,29,Male,179,93,young
eb7094de-d534-427d-81aa-967b8a8e24b0,28,Male,53,11,young
31c1874c-707b-42ef-9c82-046ec6c9ce52,20,Male,36,18,young
a177bbdc-eec1-4607-afe0-dbda71a1ab3f,26,Male,76,68,young
e342d700-c809-478e-99b8-31712b2ef5d6,20,Male,111,72,young
9332a6c4-acef-4fb1-b871-2da1cbdf581c,20,Male,122,50,young
f0853eb2-394f-4922-87f7-57747785d9d9,23,Male,106,32,young
7aaf8edc-a0fb-4c5b-af07-1c44e5956606,21,Male,87,78,young
9a691a3d-e5ab-4f28-85d1-6b7378397c60,27,Male,98,71,young
de7732b6-bc7b-48b7-8c09-02f0d367982e,22,Male,89,59,young
efe49a32-0bf0-4800-b948-f0f39f575425,28,Male,99,32,young
d769e993-7a38-4768-8ba6-369b042f0c07,26,Male,36,65,young
f7d23bac-3282-43d0-9165-bf8ef27a0b56,28,Male,175,7,young
8a0b6fd6-92c9-4a6e-b4fb-42ca29dd8461,22,Male,150,96,young
a9611026-c6a2-470c-89f0-43b97560ce9a,19,Male,51,73,young
22a3b4ac-3e93-4a70-ba98-2741ac9020f8,18,Male,88,4,young
ec8869bb-bc5c-48b5-bcac-0fe73d40bfbc,18,Male,53,65,young
7a42c2c3-09c6-41a7-b1d0-2c9dcd788684,28,Male,79,49,young
108879e3-1233-4fe8-9d9f-87eedb7fa1fa,22,Male,154,72,young
8fab657b-e3fd-45e6-a619-c1d7180b0930,19,Male,25,39,young
4d28ed65-5120-4914-8284-758c8309be1e,25,Male,26,78,young
a20ff143-867f-424e-97d7-cfbe081784f7,25,Male,35,88,young
b43d4c5b-3f3f-456e-ab45-f6cc3c37c27b,26,Male,95,99,young
8d1b65de-4517-4b48-a3b7-6128afd554d9,20,Male,126,70,young
9413c86e-f9df-43cc-9e8e-9037cc53120b,23,Male,104,31,young
136e6954-a1e8-4371-918b-053902432fef,21,Male,35,98,young
15ad4638-042f-488f-a829-642c8e94d2d2,23,Male,45,39,young
af16338e-e314-4175-ac77-562f74014de0,21,Male,27,66,young
19403396-977c-46ff-bf50-ecef8ca54231,21,Male,173,7,young
9d3d2c0f-add3-4c6c-9ba7-53d387d66d9f,19,Male,185,3,young
6f7a900a-4496-4976-be3f-13a2a622fc57,21,Male,48,99,young
11dfb3c1-0292-4843-8069-61b9acc7796d,21,Male,87,88,young
2d8c20db-df8e-4bb6-a9b5-f2ad69cc5e22,24,Male,80,8,young
a4d96f4a-2e9b-4784-93ea-911a4c2d1909,18,Male,137,43,young
2395bcb9-faf3-4ce7-a1d4-1f502098e555,23,Male,66,15,young
8dd4ef0b-3a97-423f-9f72-e76801ed8c7d,18,Male,52,70,young
c9967824-b2dc-46e0-a25f-99d60ee395b0,26,Male,37,92,young
50d2b901-aa37-48b6-8b3a-c75e4448274b,22,Male,41,67,young
634b7220-eccd-4b55-aa94-75b4dccc59c7,25,Male,165,14,young
9d4235c6-f9c2-4bc1-bb01-691f492be870,18,Male,186,81,young
75667ebb-553e-4c14-ab2b-a12c04ffd01d,23,Male,174,76,young
dd8b3218-05b5-458d-8ba5-f6bc0efb9459,27,Male,31,52,young
08bb1369-efde-4d39-87f7-9aa83bdc55fa,29,Male,140,69,young
a989d19b-32d7-452f-976a-4b7f0f34ff31,18,Male,155,97,young
54af0d5e-3dbd-42f9-a21f-46ecf50b8682,25,Male,123,51,young
688df0ed-bd81-4956-9308-604fcb9c3262,21,Male,66,36,young
d0c87ba0-038b-4b39-b87a-40269d916c33,21,Male,89,6,young
351e03cf-5b6b-4f32-86c4-84dd0c3d07e8,26,Male,109,88,young
bc1bc1b6-bceb-4b39-977e-a2e5447e3715,27,Male,110,91,young
fd8b7cdf-78da-4446-b599-c271471a0d14,24,Male,36,44,young
194b3148-8e1a-449b-8581-c3913ae40223,23,Male,36,91,young
3e92af96-f434-44f0-9a82-a214c0d13b03,20,Male,190,58,young
7fdf91e4-048f-4987-bea5-a4a2a537818d,18,Male,78,1,young
821a4a0e-e0d2-4ad6-aba7-a85bcd04dd4b,22,Male,81,90,young
6703f33b-9839-4025-bff5-6d05f3c2f9ff,27,Male,186,18,young
cadc7413-ac16-47fa-bf21-c8a2c0984e24,24,Male,184,47,young
f448c5ab-3810-47c2-814e-3dde55a883a2,26,Male,70,30,young
f8f2cf17-ab92-446e-84d3-4e45c553ab7a,25,Male,95,19,young
53270789-8f29-4ee1-8f66-8817b520c33a,21,Male,24,43,young
404336a8-94e6-48d5-bebb-adb76f8497ea,21,Male,120,78,young
1dfcafaf-553e-4ed9-9f2c-a2f1865b87b0,21,Male,93,41,young
a5d13f03-68fd-4b57-a814-0131275ed361,26,Male,59,72,young
6df543c3-f40c-4ece-9ae5-2073b035c079,29,Male,163,22,young
f33d44f1-e323-47f1-b64a-927023f1f5c8,29,Male,122,65,young
dfb1240d-49d8-4065-badc-7b4b055b5c54,27,Male,49,18,young
8fb72ba6-e488-4ab7-8a50-c52d091fdcc8,18,Male,98,60,young
e385ce12-04c3-469a-8280-25e9c334dfc3,27,Male,170,42,young
c13c3f16-b3a4-47b9-8b50-fca9a5fb287b,20,Male,132,69,young
891c3834-c099-4094-b879-1728a59c1886,21,Male,184,80,young
22244611-a14e-4cae-bbfe-b3d7981f3cb5,21,Male,171,28,young
d6d1bde1-500f-45b8-b47b-d977e34f1c82,28,Male,189,24,young
a67ae12f-c116-4def-b101-5ac7fa5388b9,26,Male,147,52,young
ebaecfdc-c77c-4dfd-ae5b-4d884e4193ad,20,Male,63,56,young
2072f0cb-1883-42d5-b69d-a038db6c3712,18,Male,126,36,young
39ce36e1-f504-4898-8ef9-3d517b57c491,19,Male,68,47,young
fd67e537-ad90-4b36-9279-70c2fcb10bc6,29,Male,70,95,young
9a866825-fcde-48f7-a06c-439018242c51,25,Male,29,97,young
ad305e7e-1d94-45cd-839b-865cefd3f4c0,26,Male,32,75,young
a0899d68-33ab-48f0-8cd2-d03f34aa4a78,22,Male,101,66,young
51dc55be-b43c-4e50-b4cc-709d28119bea,25,Male,98,9,young
e0b88528-55c0-4cc0-8bf7-6fac1eb09965,26,Male,177,1,young
c6291445-75fc-45e3-947c-32a39a0e1e8d,18,Male,159,12,young
1c798021-7bcf-4150-a8e4-ff5b00a8e739,24,Male,176,85,young
1e8a477d-69a6-41f7-9c5c-623cb7645e78,23,Male,190,99,young
ac9b0896-2626-4d9d-b65b-68a34d05abe3,26,Male,111,57,young
4078898a-58f2-492c-8780-5d27e1ecdf56,22,Male,136,91,young
56e0b405-5b10-4df7-af2a-be393d4cf47f,23,Male,178,47,young
dd976efe-43e3-4e45-bf1b-b421afdc66c4,28,Male,154,87,young
7a549007-219d-4b4d-b2f7-66091464247d,21,Male,27,89,young
ba75b90f-f270-4194-a48f-999286964558,25,Male,103,20,young
7a1825b3-6d34-469a-acd3-6b5f7f049294,26,Male,149,85,young
2b0d8e6a-787c-42c0-9821-85fbbb82ffe7,25,Male,93,78,young
0abef408-944f-4b76-8391-0dffb280b283,21,Male,44,11,young
2bb1a55f-bf1e-4bdb-9ae7-cb152033f56b,18,Male,137,25,young
cbdd5669-eaef-469c-80ff-4642c0a57aac,21,Male,192,29,young
37df2e8e-c2a0-4f3c-a0a7-572a6d244ae3,19,Male,96,66,young
417118d7-5b36-426b-abb8-70af2542bcc2,25,Male,111,30,young
358d8888-794c-40ef-ac42-7593eb39cda8,29,Male,43,22,young
65592189-97c2-4399-a854-7cfe28705ef2,28,Male,47,18,young
32875e14-dbf6-48c3-9154-1935b34f8ad0,22,Male,75,95,young
b8239e3c-230e-4685-bba3-a83dec8a3475,29,Male,172,5,young
b8e53550-d031-4260-b881-d25df1fb8517,19,Male,84,87,young
6be3fe5b-6c5d-4435-8844-3d8cba9f9488,28,Male,83,19,young
04c0486e-6f38-4343-a79e-0150aa12203c,21,Male,125,62,young
1798665a-e992-4947-932a-82d731703328,27,Male,169,71,young
97fb62d5-fd18-4569-898b-253e8fc5315e,20,Male,37,96,young
7bab6a71-f045-4c2c-bf3f-265577b33d53,25,Male,87,97,young
c2de76f0-aa0b-4c80-b748-d57922261fdd,24,Male,145,8,young
64dc36bb-2fc3-4f38-94a0-34f7f599baee,27,Male,176,2,young
f36ba0c9-31bb-466a-a2b2-c506e7886860,18,Male,183,84,young
63397ec3-4ff2-4d8a-acf9-f9d11f680c77,18,Male,57,30,young
50b0e68c-6c5f-4ab7-8a24-b474e2a5af2c,29,Male,39,34,young
390d4584-3595-46ee-9fe1-62c7eecb03bb,19,Male,87,82,young
b1b03b74-6428-4f50-9503-6c709a4f51ef,21,Male,134,21,young
eb065f9c-09b7-4a7e-9ca1-b464f30f312d,18,Male,84,39,young
0068c9f1-7ee7-4863-a637-f0d0923867ab,28,Male,180,49,young
a2954bd2-a7ba-4711-b5a0-16172beeac64,22,Male,100,50,young
b0c6f227-b0e3-4989-b102-f37f2de5e366,23,Male,57,78,young
8cc07169-669d-463a-9d7b-3170e9597829,19,Male,32,8,young
e967ae55-a7eb-49e0-b9b2-b72197474a94,22,Male,58,36,young
012af73b-5f16-404b-9cd8-083577281d47,21,Male,129,68,young
c718564b-4027-4f7b-9057-420c4f8d8b5c,25,Male,168,20,young
6d19d5b4-1810-4662-99f2-2238ea49bc89,19,Male,41,7,young
f620a3b6-f567-4b31-b2c6-b756b4052cf6,29,Male,154,93,young
810eea6e-5849-451f-9670-16a14d97b0fa,22,Male,105,76,young
042829b0-d3d6-4f9c-ae3a-d3ce4a109850,22,Male,151,92,young
95747d95-86ad-4664-9c82-b4dc48b41eab,25,Male,113,58,young
ebc3155a-6682-4a97-916a-e8b3e47a8b75,24,Male,177,38,young
00fbc6be-c928-4800-bc53-9197be55ca87,18,Male,165,73,young
38d91eb5-ead4-487d-a2db-92670199a41a,20,Male,39,44,young
79039316-ecad-4b48-a129-d68c2c0c5210,27,Male,33,44,young
174f4ce4-4cae-42bd-91a7-221c6e387ee8,25,Male,164,14,young
288a0f61-4d70-47a8-bb21-c77a38eae531,26,Male,133,58,young
e452c0aa-f503-4971-8943-14f1bd6f8389,22,Male,50,76,young
66ed95cd-4c8a-423a-9325-dbac3f09c28d,28,Male,134,73,young
6c7609c0-d3a8-4611-b770-52bd0660a771,27,Male,26,22,young
0d18be3f-b0b0-4a66-9965-a30fe83c25c6,27,Male,45,41,young
14119680-452a-450a-988c-c75ab64269c6,28,Male,159,77,young
9cb017ae-aac2-4b4b-af19-ed16c4c9700e,27,Male,141,26,young
ae8d5035-34e9-4ec6-aaef-3d1088b10e5b,18,Male,60,12,young
e4d67c3e-c7b9-48a6-9939-6cd53572ee26,28,Male,186,22,young
0b3ba10d-3727-4a93-9e13-71544feb94ac,27,Male,122,19,young
411abcc1-c06b-484d-8a97-fe3f64c12cdc,27,Male,37,93,young
a643e947-6f26-4a9e-b03a-1aa818ac1a0e,29,Male,173,51,young
d7dfe310-508a-47ec-a135-e82cc2d3bba3,19,Male,135,82,young
f0222ece-3863-4c15-b69c-082b2557e852,29,Male,26,22,young
96795d0e-c83b-494e-b6f1-cd27b1c173df,19,Male,51,84,young
860d6a64-2a95-4271-bd6c-d73395282e98,23,Male,183,81,young
017d8894-b9b5-40be-b432-4d8718c434f7,26,Male,81,59,young
07ddaaf3-6127-4127-a9c9-e80e563ff80e,24,Male,106,65,young
cc72a070-5e48-4751-8ec0-a3443b567fc4,23,Male,76,1,young
646b656b-1e39-42c9-9995-0dc3e11057c2,23,Male,86,25,young
6dcc3b9b-004c-4742-bccf-4f602d4c4fe3,19,Male,148,76,young
6b3b88f0-fc0d-4d0e-97fd-eaee454efcfd,24,Male,44,98,young
fd86bcbc-df4d-4c2e-b651-e5cd6039b5ad,18,Male,171,20,young
a19abfc5-b6e4-44e4-be16-8bcaf75a97a8,22,Male,74,61,young
8f3f27c1-09d0-4fc4-a3a2-392a279817d2,26,Male,48,64,young
f423a980-e57c-43b0-b8f6-ab3722e007ab,24,Male,172,13,young
947f329a-ed41-48aa-9865-28c6bfcc4452,29,Male,73,86,young
e3dff245-ae35-443e-8653-fb771d685630,18,Male,116,36,young
f39e942d-60ee-4a2c-93d4-17bdea01e21d,29,Male,197,82,young
8fee28ce-228f-4969-8e53-12d18638c5f7,29,Male,180,65,young
6b91c384-8dac-48c1-9b67-806e19e915b6,20,Male,103,43,young
fccd063b-8901-4132-b57a-d732f4b73f23,20,Male,52,54,young
efdf7bf9-ecee-49f3-a83a-54436e2de57a,24,Male,81,69,young
f0d9ff7a-6965-45b7-98ec-e6d0dfd46957,23,Male,80,79,young
4a4c7abc-7798-49a4-8fc9-f1693c4629ec,26,Male,90,76,young
b3517ce2-f4f8-4a90-877a-fe67d88403ac,28,Male,67,81,young
4d864af6-dbd2-4cb3-89a2-38e63c3518aa,29,Male,117,8,young
a07f609f-b29c-41fa-99b3-18ed9755dc0c,19,Male,73,70,young
6724384c-f1f0-44f1-a6c3-3b1c16098a70,25,Male,187,28,young
13d18fef-2d2c-4133-81af-0e0a9d2adc09,28,Male,78,52,young
7fc1e0ba-e62a-4643-b496-7235a7b6c2fe,25,Male,154,61,young
d71ea899-591b-41b4-b24e-7ee6ff29a372,24,Male,138,27,young
fd2108d7-c75f-4dd1-b116-c6c1d73eea43,29,Male,167,67,young
d28a62f0-8191-4a9a-bbec-5dce67274f56,23,Male,39,3,young
42730369-5b23-4290-95aa-e588699d2e61,22,Male,26,10,young
f6d6572e-098d-4ad7-85aa-99036f2714b2,21,Male,143,14,young
682f9ae8-f019-46da-8df9-35b410fc7e4c,29,Male,50,94,young
09d2b7d8-2607-46fc-a1c7-7cc6fb44a384,18,Male,103,48,young
0c91698a-bac6-4394-a808-7ca36ec0579b,21,Male,165,91,young
52f78ebe-aa4a-4623-99bb-6126005147df,23,Male,180,38,young
782c6407-a386-4b7f-8f1d-15de1d489e08,22,Male,21,22,young
69f4368d-3f26-46b0-b927-c09bb328bd8e,20,Male,159,63,young
8e307b99-3545-4844-bab6-7454ea290750,22,Male,97,56,young
9bac0c63-75ac-4139-91a1-723c0f5ff95c,29,Male,70,62,young
2622cc14-f98b-45d7-9aea-0be23bf23d68,22,Male,123,57,young
0a1ce627-c2c7-4855-8524-8aac4c91406c,20,Male,167,25,young
7c58f369-6666-4415-9693-6e60c99feb54,20,Male,83,44,young
4608eda9-4ea6-4f4e-9a14-9929c4876142,24,Male,143,95,young
e2b4530c-735e-4a35-ad37-467e09795353,18,Male,186,100,young
41b170e6-bda3-4ead-ace8-86e89cf46a51,24,Male,156,65,young
f63c395e-6048-4bcd-85ca-540103cf6627,28,Male,165,3,young
93822895-133f-4c7a-8b3f-cdce6006d2f1,23,Male,161,82,young
19ca2296-97b3-4096-91d1-9e14e338250e,27,Male,153,93,young
ccfd8f9f-fd38-4e65-b373-fff6912bc01a,29,Male,200,98,young
8310696f-dcae-4e44-8ea9-b70713b75661,23,Male,147,6,young
0d960ce9-3a7e-4fcb-bbd1-192cfc378a62,25,Male,140,31,young
794e4fd4-e2fd-40cd-92f2-2e89a3dfb0a8,18,Male,34,57,young
c5220954-d475-41a7-aaa4-732767228cec,18,Male,197,39,young
f2eb06f1-95de-44cd-9489-dba5fe5c0c76,19,Male,177,21,young
da7f598a-3fb0-4ce7-90aa-b9aeac40720e,28,Male,118,11,young
4ad78ab5-332a-49c2-86fc-cd461a5d178b,28,Male,46,78,young
7efee499-570c-4c8c-a3e2-eebf62aecbd1,20,Male,86,95,young
b734ffae-8fb3-4e8f-bb88-09660956c046,18,Male,91,75,young
720808de-0a29-4135-bde1-180be4d6207e,18,Male,195,2,young
ff658e9a-2f13-4599-a632-f9fe12817e75,27,Male,74,65,young
2a8b4f1a-cbff-45ef-be83-e42bad63d22e,25,Male,78,51,young
c15e6c84-4ef2-42b7-98f9-ed2d67712149,29,Male,111,45,young
ffada2e4-336b-4ce6-9001-14503549bb37,25,Male,106,18,young
f0b42554-5bbe-4457-a66b-b53e1bf072aa,22,Male,163,13,young
eaaf7171-114f-4ddc-95f0-6823029f9dfa,23,Male,109,99,young
7fae0f5a-f7a2-4930-a49c-2e8c2e943591,22,Male,180,98,young
f701cc69-19c2-46a3-bf91-54955c84f2cb,29,Male,65,9,young
89ffddca-672e-4a99-b1e4-3089a5b3a28d,27,Male,190,40,young
f75dbafb-6141-4ef1-8d56-88215d0476ba,29,Male,82,63,young
db687043-3c13-4b58-acbe-a547bc20f137,28,Male,177,42,young
af5c9464-e446-4018-bfc9-26e453d71e42,26,Male,165,40,young
9ef27ffb-7ff4-4955-a5bc-6dd045e66032,21,Male,52,95,young
7b4a51bf-aae7-4069-9524-25aca7ce9306,25,Male,166,26,young
67b6734d-0a16-4012-aa4e-cef0f1bef766,21,Male,127,72,young
830a724d-f4c7-4720-967f-2697ca6a5d27,26,Male,136,95,young
930899bf-385e-4aa1-b22d-bdaed70754eb,29,Male,196,46,young
466f4908-75bb-4ed0-8c30-1a4dd5afe79a,28,Male,182,4,young
61e2fb75-4e76-4063-aaa7-2cf64dcb37f2,22,Male,141,10,young
adb48651-6001-4fb5-8632-5f717c4690c5,26,Male,165,62,young
100f8252-7052-434f-a05a-06a8720f7ad7,20,Male,84,72,young
eae6254e-6c50-4598-8436-28343bb07f09,19,Male,56,95,young
0da84a38-25c0-4452-9b59-98b00b5824ce,20,Male,59,27,young
85d2f908-8d5c-4c45-a475-e8ba12437027,19,Male,170,41,young
d08244fa-3e87-48ef-9a06-08bc3aa8154d,20,Male,184,5,young
9700d00c-900f-4b2a-8d0c-324a3e506233,28,Male,75,63,young
01af20ef-79b3-46d2-844c-d68774e3e7c1,25,Male,156,99,young
b8134ff9-69e5-407f-8ba2-3e7576866936,22,Male,134,89,young
b2eb45da-9030-4c59-8376-d530d46f648d,24,Male,73,57,young
103eb13f-d02f-4af8-b9ca-9013dd154a49,24,Male,144,28,young
a9d94bf0-4096-45e1-b6b4-5e3ca3f9b96c,29,Male,148,10,young
8928bbb2-1826-4162-9dba-d7613445b1eb,19,Male,94,54,young
0716d63c-f657-49af-8a26-c356460aeeab,23,Male,109,41,young
18ccbd98-7e43-41f3-a25c-b94445e4236a,20,Male,147,48,young
c968b3f1-9bbf-42f2-a831-176dd52b7024,23,Male,95,81,young
5f795e9d-d77f-476e-a5b9-c9290152c167,26,Male,89,83,young
1ae50f7c-5799-4b51-858a-6a8c456cdfc4,24,Male,142,18,young
3e03f046-6bbb-4b86-a620-4eb3ba9976c9,26,Male,130,63,young
44bef4f0-489f-4147-b276-12a0f372a762,21,Male,84,95,young
f436cc35-b18f-4178-84a0-045fcd84c0ff,24,Male,191,92,young
2b692e6c-18cd-4931-ae4e-f232f9e87beb,18,Male,82,94,young
afbbe90e-2fc0-422b-8665-3c670dfc1a8c,25,Male,104,82,young
7fb2306d-82ab-4cf5-9bec-c7927a23d2d4,18,Male,99,81,young
6e9cd4df-9d41-4f2f-9c6d-5292a0bc11ee,29,Male,195,42,young
9ff44218-3827-4d65-a155-9c63592928fc,27,Male,72,42,young
1a41a3c0-7d79-499e-bed4-51f20f20a790,25,Male,52,74,young
14cd3199-2244-4810-81c1-64702f3f016b,18,Male,183,40,young
8bfdc1b9-a811-40b4-9e13-b373b566e56e,23,Male,99,1,young
0ebc2aa4-bb61-4c3d-bf98-0ca1281f0c6d,26,Male,175,38,young
0dfa13a6-1db1-4643-9bd1-739b74e65aa3,24,Male,53,75,young
ead335d1-6fd2-4403-b84e-ce610fc458df,25,Male,140,92,young
a1929761-af5a-4f0e-bbf6-1ca6c36e6af8,19,Male,99,55,young
0cc5e4d7-aac5-44e9-b884-24de724ef262,25,Male,129,92,young
0c90974b-346c-42a6-854d-f688e9c88ebf,25,Male,137,34,young
f0c0406b-3c0e-4c26-9119-ce9f526190fc,20,Male,189,76,young
d336fbc2-824f-4b5f-97fe-e386e937cd0b,27,Male,114,99,young
5bd36e27-29c8-425b-8f3c-ca8bde719cbf,18,Male,102,32,young
0063dca3-394d-4f2c-96ee-50a27efa5c4b,27,Male,44,42,young
acbcc154-ea2d-40e9-96da-5ce3d4103fbc,28,Male,114,97,young
cb804aa8-dc4c-4d9e-8594-fe20d4bf5a4c,23,Male,74,77,young
89c22d42-5018-421b-af34-36085dd6d77b,18,Male,60,35,young
ec3c384f-51e1-4890-aecc-82ccd291fe89,18,Male,168,74,young
49338990-4ec6-4c06-a962-73930893e712,25,Male,139,96,young
42ee5dc0-ba7e-43da-963a-e5d2ab51bd4d,18,Male,137,10,young
3a1c0a94-9a72-4469-99b7-844d35f31477,26,Male,45,28,young
4c14c82b-686d-46f5-a9eb-6bc7066b10e5,28,Male,40,24,young
0cb0e739-96f2-445e-8d19-d46e9fbd4ee6,28,Male,184,92,young
f7320923-3804-4e82-bf8c-886c316e4c69,21,Male,70,28,young
40264e1a-5c91-4005-82e2-bf990fd95d05,18,Male,99,37,young
6a7fd132-b05f-4b76-8e3a-1fa0c5aa2ae6,23,Male,144,97,young
b5f94d82-e43b-4616-8ff6-9edacf669c46,28,Male,51,62,young
edba339d-2d95-4636-9290-9522037a6d67,21,Male,83,98,young
13680909-d0e2-4b0c-9920-00c2319f4db4,22,Male,79,31,young
ab965189-9900-466f-8c9a-c4b5da79c2cf,24,Male,79,61,young
e63611e4-d93a-4152-b408-56e5944125f7,24,Male,51,34,young
33da1c72-4f0c-4c65-ab68-dd4de6430dfd,29,Male,35,97,young
be6a73a9-a9f7-426f-a3b7-0dee4fb5caef,23,Male,42,1,young
4e81ca36-4a80-4e50-8319-2bfd09a5c14d,24,Male,125,91,young
58bb324c-6d78-4b38-b964-abcba5b3a952,22,Male,105,79,young
55e5e0fc-c920-4571-8de4-3103981c9044,23,Male,51,13,young
c7fe2916-acea-4ef3-bee0-4452f41f42cb,28,Male,89,97,young
d2ab6280-4d41-44e8-80f2-a487fe0173de,24,Male,95,76,young
937af3a0-d6eb-4b92-8231-0a4b8192155c,29,Male,123,28,young
a425d323-b5bc-4208-a20b-a119e7259796,21,Male,101,33,young
bd8089d0-0e52-40d7-afdf-56aeead962fa,27,Male,31,39,young
ce829e51-7364-40b4-9c13-05e18cae20cc,20,Male,160,90,young
825c5e5b-c4dd-449e-8b74-d73eeec709ec,18,Male,138,20,young
e3110387-6716-41d1-8fdf-9239f57bca56,22,Male,167,94,young
04322102-f666-4240-a640-5e767986acc7,22,Male,199,8,young
3d6c0c16-2a5c-4cf0-b1d5-1b08f3cf14b3,22,Male,172,67,young
7e759895-864d-44b5-a4d0-cc451bced177,28,Male,185,56,young
65ffd31a-c02f-4be9-89ee-8ec28f5d6f17,19,Male,126,90,young
28171f5b-e1e9-44b6-8109-a7c11e36da75,28,Male,111,97,young
ab300105-f8d5-4872-ae5b-98685eb6234a,21,Male,132,26,young
113bac0b-1f36-4947-8011-96197bdca944,28,Male,24,96,young
e9ade86c-3738-4978-87b9-b3ecdb00624f,29,Male,179,69,young
443ac441-a492-4282-86a9-3a7ec69bf15f,22,Male,159,34,young
8e1cf5e3-6a8b-4bad-9ab1-9d17e0dd7b0e,24,Male,112,81,young
dcede8fe-4ec7-4d40-8123-73179680fc24,21,Male,169,47,young
9840f202-eb93-4dfd-a3ad-ed35b5662613,19,Male,145,18,young
afffa92d-c229-4fd4-8934-31ba0415c433,20,Male,37,8,young
b3b78b7d-fd12-4c65-8b0d-f357aec88220,21,Male,75,47,young
fca96742-9d9a-4cdf-8e85-1bb163c72f5c,20,Male,95,28,young
6b79907d-4faa-4e7c-a674-3be51bb3baa8,21,Male,93,67,young
b1931d91-e855-4ad8-8c14-3262a8f0236e,28,Male,137,61,young
3ef80885-9fd3-432d-b422-d320f5e1b344,23,Male,168,36,young
bb5167d4-4c52-414a-906b-e03f3cc4ed12,22,Male,98,51,young
06865716-2056-4165-afca-95df6dc46936,19,Male,151,16,young
e488eee8-e5a9-4ed2-9f25-1bdd1d94dfd1,28,Male,116,55,young
fa367916-6307-4a56-b005-55b94db4fc5b,20,Male,64,44,young
a55588f6-b53c-4761-801a-3361902d3bd0,27,Male,107,82,young
9eac6133-5589-47cf-b52b-f0926ed83808,23,Male,168,47,young
9d8e01ff-c0f5-4daf-9d21-be60336b9790,25,Male,77,87,young
89eae5cf-3e2e-46bf-8168-d1e91e603212,23,Male,51,39,young
6e5d262c-3e4a-4024-9179-2d10312e0fc9,28,Male,30,3,young
aafb4d3f-3756-44bb-91ff-c0a019efcfee,21,Male,174,22,young
679f18c2-684b-4547-adb8-6ebc0bc29b47,26,Male,67,35,young
67d16d2b-a2c5-4982-bb6d-1a03ffcfd457,25,Male,141,90,young
5831a12c-c53a-4cdf-b3c3-498b5c069356,19,Male,158,46,young
3f5e2dfd-2370-4037-8d44-47f0e57b70f7,19,Male,147,89,young
08a9f159-83ce-4810-be86-5f0304a6d87b,28,Male,37,23,young
c8469b3a-7ccc-462d-a04b-3cb8e700aa6b,24,Male,84,66,young
b61bea7a-8c90-4661-98ab-ba8fdda71df0,27,Male,134,96,young
83b62ddd-0af0-474d-b91c-55cbf5d45ab0,21,Male,50,71,young
db0b2df4-c74b-4d83-b94b-9cec6ee9f6e4,20,Male,162,87,young
591e301e-5b5d-4d4b-90ba-74ccd351d3b4,27,Male,177,70,young
36abb3b7-e525-4c57-a926-a42e393fd97f,28,Male,47,33,young
046f5ec5-b7de-4782-8c46-f8ac9718655b,23,Male,79,97,young
1fe4a4bd-2b0e-413e-9dda-e334336f5b3c,26,Male,35,30,young
234630ac-45a7-40b4-9f75-17b9d10fb3eb,24,Male,160,75,young
ef7df90c-26d0-41e9-b42e-994ccc4b08d7,29,Male,185,13,young
1c20e82a-aa7c-46c7-bd68-74411019f006,22,Male,159,100,young
f347ff17-ed29-46e9-9e12-5520c2647749,24,Male,169,54,young
09fbe823-9e57-4788-a70f-f1c810a4aacb,24,Male,185,56,young
340084fc-faa1-4c87-8299-45d211d43a7d,28,Male,63,47,young
3106b125-3602-46e8-897a-1a5be3150978,26,Male,39,34,young
0b787942-2c5d-4928-a9c4-88f83f4e2184,28,Male,101,91,young
3899a5c3-4f43-43a7-a880-7a349c0ad430,18,Male,85,24,young
e147ac57-a524-40dc-b14e-bee579e6ae21,27,Male,156,29,young
2db945c4-d7f7-4112-9e83-f8505fe123ce,24,Male,144,21,young
d4135f95-b7ea-40ae-90d6-d5e5b25f0f87,25,Male,35,78,young
d5b41e4f-9b62-4bf6-bb0e-f2f4541dfa86,21,Male,149,64,young
d2b83bcb-c905-43b7-b345-17e40a266bf6,20,Male,92,95,young
918a612b-29e0-46fa-b72a-467d692fc5ee,21,Male,106,45,young
fa4a33d2-0e09-4afd-9922-9d9cd042d8ff,23,Male,171,65,young
f5f821d0-f65c-4d24-822f-66e8b54eaf99,26,Male,127,11,young
24a25352-33c1-4cc4-a39f-4b776f012eae,20,Male,135,48,young
fe96fe6a-0950-42ea-8b7d-5c86d3919c43,28,Male,50,58,young
46ce51ed-8964-4035-8996-0c644deeb826,20,Male,165,23,young
278d896c-9ab1-40f8-9df0-cc3dac4b0c38,21,Male,184,38,young
fe2f31f8-cb8c-4fee-8efe-18a50bd9e463,20,Male,82,30,young
9e3fc7cd-a8e5-44bc-8b9e-f6f64278bada,27,Male,155,32,young
96f2e5b8-4b86-4770-b350-5a0e7b720d83,28,Male,51,82,young
163273ae-7729-48e2-9946-c7ea6be010d9,26,Male,179,45,young
d1434b3d-3f27-40a5-9592-17877f941712,21,Male,126,65,young
ac192a4d-bfad-4658-98e4-c9b4881e54db,29,Male,117,32,young
a48a347d-adaf-4a14-9ca6-668ef840e447,26,Male,82,2,young
c1a8c61d-0da8-4e89-a062-2b1315a4daad,27,Male,177,53,young
ac165c13-40a9-4ea0-b3a3-33f8df480db2,24,Male,90,63,young
705efa76-e99a-4999-a971-e698e920a4fa,21,Male,49,75,young
be6e79ed-e5fe-48cb-92c3-4a672099c634,18,Male,191,91,young
4bb5927f-a3de-42bc-956f-161a18ae3eab,27,Male,188,21,young
407f2ea2-5eef-478f-8d3d-e0914e0a2d88,29,Male,129,11,young
fed28ac0-1c24-4fa3-9111-21be2901cbdd,28,Male,74,2,young
4b713a77-d3e1-42e0-bda9-d409ac469215,29,Male,23,35,young
7138c7f0-c986-4a49-b600-4df7d7744ceb,20,Male,52,31,young
59ea6c53-6089-4d94-9c24-c189375487b0,22,Male,73,24,young
10465544-ed7a-4275-8ec3-bb55f0180b9f,20,Male,110,48,young
21978e30-aa5e-41dd-ba66-a940ecf88b08,22,Male,118,36,young
5a9a7766-50d4-475d-b27c-16328aeabe24,22,Male,183,65,young
48b892e6-3a8b-476f-bfb5-c85af89f8023,26,Male,136,78,young
69b51a75-6fc8-456c-95ed-7f729e5e8217,28,Male,78,14,young
e5d0dd79-d9a3-4229-bf7c-a260a339c2d3,26,Male,46,50,young
d8c1db39-04f1-4481-bb22-d79000503a10,28,Male,31,52,young
731c380d-e733-4391-b944-116eed934ee8,22,Male,105,66,young
0e63af47-ffac-4f72-918c-222680bcd592,29,Male,29,35,young
9a925b5a-b4cb-452d-af4d-b32cc1ebda48,18,Male,187,41,young
1826648a-b827-4c53-bff0-94351a3f8e66,29,Male,152,42,young
99bd2264-b263-4486-b12d-49b1d0a68c63,18,Male,156,65,young
a72ec4f6-0776-4b29-b15d-8d9fedfbf1ba,23,Male,74,42,young
77657934-c605-4ee1-a74e-0703d50ddb7c,22,Male,95,32,young
6d24b84b-18d0-41ef-8813-b9d427731e4a,29,Male,83,8,young
4c2f0c21-846f-4b23-a7e2-ce236eed3edf,29,Male,36,9,young
1c880c7c-1e6c-47d6-9026-2ab35cb9b213,23,Male,191,96,young
80eef9b9-be90-4e58-ab6d-b62b50e34123,24,Male,97,57,young
01b9dccb-231c-4caf-9582-b5c7f77162f9,24,Male,21,39,young
63c99888-65a1-4a79-bc34-f8683e9d363a,27,Male,85,51,young
c02d57ac-0026-45f8-a39f-820cf1d1d0e5,27,Male,100,80,young
e575e9a7-01a9-46f3-978a-e00cef4f3f3d,26,Male,77,56,young
f6168a03-7582-4cfb-821f-7351b55384ff,26,Male,151,70,young
c8b51850-20ab-4405-8f3e-317b2c0ba5df,19,Male,23,72,young
7dff0aed-5a2b-4e81-b945-5a31d5adef2e,29,Male,190,83,young
9257c48d-8af2-4a91-8d6b-1ff1a0579a42,19,Male,159,36,young
d67e7cb4-0098-48e8-9797-e7287c9fd907,26,Male,158,74,young
76260882-aba3-4d47-bad0-4480f8084186,29,Male,88,60,young
f13d8405-81cd-4d05-9758-6913167988aa,21,Male,87,100,young
cdd83c99-05b2-4ae1-b5ac-554c2c40bf55,29,Male,113,81,young
020d888e-a1ee-498d-8721-67cd58e93e5e,29,Male,163,92,young
764fbea0-888e-4dc7-9fa2-ea1086107084,22,Male,86,85,young
ef11e6a1-00a7-4454-9442-6eee4bc1ba11,23,Male,23,43,young
6f3a2497-d126-4406-a5bd-380eb8d66bf9,23,Male,59,30,young
bddc2fb5-c54a-404b-81b2-50cc5b775b75,22,Male,34,82,young
a702ead0-6bdb-41c6-93e3-a68ccbc54aa5,25,Male,148,85,young
6e03ed50-bc49-4f1f-bbc0-46cfcd525d83,29,Male,155,82,young
592f40a9-44e7-48b3-8dd8-9c22680cd7b8,21,Male,93,52,young
3dd6461c-9b8c-4159-8dd4-013314fc2831,28,Male,47,82,young
79716e5d-7c13-41a8-9e20-c7689e55b64c,27,Male,79,27,young
a2556b51-76d6-4ca3-8b21-d8b0778e0c02,24,Male,65,56,young
b0eac63b-0066-4695-b573-94a23a152f52,21,Male,121,49,young
b297c477-6cd8-4a98-b7e8-037ae31c3b8c,21,Male,82,90,young
6ff35925-9963-41a9-963c-e6473a9989b3,18,Male,59,38,young
ec44c743-ddc9-47c3-98b2-578bf3236a35,19,Male,199,84,young
1df1a1e4-7753-4d6f-a0ac-8a7af75aa11c,29,Male,196,100,young
7162c1e4-720a-4c7e-9e47-6b992a4175e8,29,Male,148,75,young
2e64f94a-600a-449d-a8df-8f0030c99b94,25,Male,100,92,young
92ca2916-7439-4bcb-a621-421aeab3a898,22,Male,34,15,young
1f93ff07-0e7b-444e-b833-ebbb53560196,20,Male,60,35,young
2833e814-3cd8-40c3-a904-8d34222a2b66,20,Male,100,17,young
c0e469a4-c416-4ffe-bdd1-c6ea25a9a5f8,25,Male,133,82,young
fc04978d-23dd-4caa-ae07-8af6ba2fd9f0,27,Male,85,48,young
9de76632-2b3b-4517-a0d5-316a224e16fa,23,Male,159,43,young
9671b3f6-f11b-4f7c-a80a-35b04393dfdf,24,Male,65,14,young
948f3dc0-21ee-4a6a-9f22-9355ee38857b,20,Male,155,63,young
851456b6-1b45-40b2-a99d-9c22099eacbe,26,Male,117,79,young
fc2724dc-6027-4bb8-8a45-20cde440492d,26,Male,176,96,young
5efd834d-af42-4bc8-95b4-64a5fa18538c,25,Male,93,13,young
93f3db37-0eb0-4b39-bc46-d69d136ea377,22,Male,68,44,young
5d0893e9-3164-42f8-b8c9-ec3e55795e11,29,Male,21,24,young
f9659729-36bc-49f8-8669-62960c87ed6b,20,Male,194,17,young
3148e718-4353-4d85-b85d-3fcc9c331033,22,Male,63,85,young
17e91974-e399-4a3e-8d33-4142ca92f14b,20,Male,73,77,young
86d39eb6-4b6b-4aab-86a3-d7df1d5a5165,24,Male,156,68,young
dfb62f60-7a4f-4bf8-af9f-ac4da6c49d40,29,Male,181,63,young
b049af8b-0541-4f4f-99be-9aa445cd8286,25,Male,52,90,young
dda58154-1b3f-4aec-abcd-eadce103244b,27,Male,180,93,young
620c7a5d-9185-4165-8250-563e4dea4a83,26,Male,25,72,young
5adfb331-86bc-4876-b54b-482f4cee298e,20,Male,115,35,young
1d05aa72-0ee9-403d-9654-56f7877149a6,27,Male,182,76,young
95315d09-49bf-47bb-be70-28613b4c7835,25,Male,123,90,young
908dbcd4-c61b-40a0-84b5-5be1a394215e,19,Male,87,72,young
57a51e44-98a4-48bb-8e3f-56a33a0e3b4c,28,Male,91,80,young
57895e34-2f89-4d84-b6f4-96fa2300e12b,24,Male,167,53,young
610d09e1-9c9c-4eaa-b485-98c2876097ba,27,Male,136,100,young
f9a60a02-253c-4daf-86b8-97c335a8a340,27,Male,150,42,young
ea6f2617-9a11-4776-b23f-f55f4555b8b9,20,Male,61,78,young
c9daa459-ee9f-44a8-a622-305680ac5df4,29,Male,86,18,young
6635ff8a-4196-40dc-badf-1f5136e0a485,20,Male,190,69,young
e4189764-e607-43e9-9578-462cfec06404,18,Male,167,8,young
04d9905d-4e8f-407f-834e-09c75a4c5c74,26,Male,70,63,young
fad3de43-92ab-4cbe-8c37-9c0f1dea417d,25,Male,45,66,young
45fb04c3-51f4-474c-87d3-b62c13e6ca89,22,Male,115,95,young
ef1fb54e-ed0e-498b-9ff1-e9a278157e3d,18,Male,78,62,young
030f481c-ab29-4f33-a49a-a8b9572aabe8,27,Male,147,97,young
a2694a73-1a53-45e3-8314-94f934169d78,29,Male,141,72,young
1f958089-26e2-4267-b83c-df799ba1af4c,24,Male,123,95,young
d8bcfd66-3aa3-47d4-bb00-17302155701d,25,Male,31,86,young
da30b615-bc13-42ea-9fe2-199adb5abc72,25,Male,178,23,young
6d5cc17b-73c5-4b4a-8bd2-1ede33248a67,18,Male,192,98,young
7ff3f42f-f9c2-4430-8347-a74950170f60,26,Male,103,29,young
d41af8b2-7695-41ca-b523-6fe9a6f654c7,18,Male,104,78,young
7c420d83-f004-4a0d-9e4c-77097353634b,20,Male,199,51,young
ccb86004-28b5-4ffe-8a93-17d28c9d2c89,18,Male,103,8,young
9b33e382-e692-409a-9a20-0f50813ec57b,28,Male,172,45,young
46365542-315b-4248-a840-005ef1193bb9,22,Male,79,70,young
ee12059f-a753-45bf-8038-3c578c3ab9db,28,Male,127,91,young
85069ab0-1012-49f8-b1a9-f23ae02ac852,23,Male,191,25,young
47ee6a72-360b-47bc-9259-d0021a0604b2,25,Male,151,48,young
aa3191b2-85c9-4967-9335-0f4b8eea082f,28,Male,87,32,young
154dc9b8-b9a4-4986-a977-af6cdd399192,26,Male,163,37,young
dbb47ba9-55f5-4613-93c8-48609d44f7a9,23,Male,199,75,young
81ebad7d-74a0-4822-a0b3-0347b524f4fa,19,Male,50,61,young
7f0a4a63-cb00-4878-a2e1-229bf8fce90b,20,Male,34,15,young
43026c6c-bf39-45bd-a717-3e25db54ad96,19,Male,22,7,young
4ca65483-5d75-4900-9c2c-cd8555bd0006,25,Male,131,90,young
2a6d19db-e219-4308-bf71-30d595c20535,23,Male,116,50,young
bfbc32c1-8d2d-4adf-91de-15f7caa4da0b,26,Male,132,50,young
c94bf68a-ee30-40be-9283-59c6d29e92a6,24,Male,186,96,young
a57e98c0-79e8-4861-8f50-5c32d23ef6fb,26,Male,182,23,young
6c78e7aa-6fa6-4402-9977-6493d252db40,21,Male,138,16,young
55e94fad-7287-4c78-a068-d90c61428039,25,Male,158,50,young
86a17aef-453d-43a4-b221-db008f3aeed4,20,Male,142,54,young
77f1b44a-0eb3-4fba-82e4-d3acda6b2539,25,Male,108,33,young
d2805525-14e8-436f-838d-bed6fe9b1e92,22,Male,142,87,young
f57c7554-6fcd-4c03-b571-c0fe071b8ebd,19,Male,97,96,young
af41c096-a0b6-4b48-858c-39bddd66360c,29,Male,96,48,young
81f4ee6a-3459-4a4d-bee2-3fea5aef4255,29,Male,144,20,young
be9ffb28-da75-4624-b33b-4d250901a393,22,Male,54,50,young
c06cd5ff-5340-4aa4-bd2d-962a3007e2ba,19,Male,61,58,young
f4df1f41-0405-4e3c-9e1d-8e7c5827f122,22,Male,87,99,young
a33c088f-f274-40f8-a095-f05ebe981104,18,Male,49,98,young
f6eb4804-40f8-4cad-8783-ec2ca1793f54,24,Male,155,51,young
1d3a6955-1f67-40cd-ab54-7514776e570e,28,Male,198,55,young
33003401-ffeb-4f01-af52-2e0230213a0d,22,Male,93,56,young
99bd0734-1d7f-4553-aa2b-2fb8e952092f,29,Male,88,11,young
aa6dbde8-6833-4b8c-9447-29760f08714f,24,Male,65,88,young
b91bb08b-0f1b-4764-9325-0587a3dd53ac,28,Male,34,43,young
452daccc-e816-495b-bddb-66298df94465,26,Male,160,36,young
06e4400c-f50f-450c-9f12-88b1d386b1e4,26,Male,41,90,young
b94635de-ce4e-4766-a483-21409499e0d9,20,Male,153,71,young
63969ed4-bebc-4a22-9668-5ee6ce06a546,19,Male,75,16,young
01806c3b-6035-4131-bdb0-779f08b56853,25,Male,178,22,young
56306b2d-c36c-4d65-b7f9-2e0ef4e64f2f,22,Male,47,69,young
a0c956ef-4a3a-4c63-bd14-6efaf36b4db2,22,Male,93,26,young
eb560fb9-fbfb-4ac9-8940-74de1f6da782,26,Male,86,93,young
146c3cbb-0ff6-4aa8-a042-6866d6e73eac,18,Male,39,18,young
955f05f7-9e7f-434c-b6b0-352b12cca195,27,Male,177,85,young
da38632b-7615-4001-a49e-b195d163a5e6,22,Male,52,57,young
502974fd-0cab-4e98-b48f-14f0aa529c7a,23,Male,173,48,young
10ad8683-e8b9-49ce-aa45-f129345368ac,25,Male,23,89,young
05352e2c-f9e3-414d-a37d-6b298460a4ae,25,Male,129,34,young
f93ff113-504b-4133-8cef-d6ed43673538,18,Male,195,78,young
efdd60fb-c46b-462c-b0c5-e2ff5f45c8b0,24,Male,72,39,young
0a91aab3-d603-4ee2-a589-2af6b0e4d124,18,Male,119,43,young
b839f5bb-560a-4666-988c-48986c8dd23c,23,Male,50,18,young
f2fcc54e-c45b-4c09-b007-a49d6e669aa9,18,Male,195,50,young
affffef3-0803-4e9a-b610-6e7d0bae4d58,23,Male,20,7,young
a968d445-d93d-439e-bd65-b180a220e877,18,Male,178,55,young
ac6ce493-6052-4cc0-977a-ca2b1da35ca0,21,Male,25,97,young
8f3a48df-6bc2-4fee-b3bb-90207b3f4b33,27,Male,135,48,young
67faf92c-738e-47df-b842-6efac16e6fcf,20,Male,69,24,young
6d96c0d2-6b18-42af-8e6f-99d9becfada3,19,Male,188,61,young
3800d006-6c7f-48c0-a76e-590a82bb0ffc,19,Male,171,83,young
0e8556db-06bf-4781-a646-e8ad3a6af816,20,Male,186,81,young
2b7a32fc-7124-44ae-898f-6c3af1d8f724,23,Male,126,41,young
57a43677-10d5-48a3-9a06-87bd500086a1,21,Male,118,41,young
16f8ef99-91be-4510-b958-b36e3a48da72,28,Male,130,31,young
29125849-956a-4592-9126-ee81d8b77874,19,Male,26,64,young
81d31610-9b7c-4e30-8286-3869d3bbb9e8,26,Male,136,64,young
fa306643-1097-4a47-a447-ad56c93e6a54,19,Male,97,69,young
a424bcb8-acfe-40d8-8940-4f38edbbcc27,18,Male,101,22,young
16ea94b0-ad40-4658-a67a-f8304b9833d9,24,Male,145,57,young
f21ba175-648d-4c03-aa31-95d0032c78e8,26,Male,84,43,young
24868c93-7a64-4ab6-8b6b-11c8640849fe,21,Male,156,16,young
9d9b96db-25a2-41ac-85d3-742cc202772e,25,Male,149,14,young
0f299a13-eb05-46a3-a7cd-28ef3069f134,19,Male,56,23,young
1bdffa2f-5696-49d4-96f9-cd62a73dc899,26,Male,192,44,young
7e02b7a4-1bd5-4732-a968-fbdcc4a95fdd,22,Male,116,32,young
3e04491d-df2e-43d0-ba0c-322f424680cc,20,Male,125,5,young
01c03241-bb2e-4cce-8907-72c3a024aa6a,22,Male,49,30,young
f419b2d0-bafa-4dfa-a640-82e8a62400ac,18,Male,177,54,young
40db1252-ad43-4a9e-8955-4850d08a1035,22,Male,187,72,young
62884a9c-abae-45a8-9122-0df425ea3c28,28,Male,48,36,young
c526826e-6f3f-4e85-b5f3-eace57fe5919,25,Male,75,42,young
a81aac52-c69c-436a-aced-3ca254d227b9,19,Male,174,36,young
1ff63b68-f51d-4afe-bfc3-5406df317086,26,Male,88,54,young
48766198-c93f-4243-9e85-d5b804b500be,24,Male,101,70,young
495a2962-d351-46e4-b898-b93f50c26a30,20,Male,94,32,young
559d6576-d205-43cd-a771-182624165516,18,Male,42,77,young
f95af1e2-c637-4aab-8559-917ba12a30a9,18,Male,36,86,young
799e137d-4d5a-4eb7-9472-502649b0a19c,28,Male,174,26,young
3e76f787-a7fa-4609-9358-05c63bdd6965,29,Male,133,63,young
cd6c53b5-2a60-417a-90e1-b38948536e31,18,Male,77,53,young
922885ce-373a-40f1-bf11-7da126af6d4b,27,Male,106,49,young
5ef7e796-ac50-4b23-a3a4-c2a885133810,25,Male,70,31,young
757ec749-762c-4784-8fef-64f7580b2475,29,Male,99,78,young
b3b1e6ff-8e2f-48ca-96bc-2590e51614de,25,Male,66,71,young
bb38fcf7-e5b9-47fc-a77c-6a8dab821786,21,Male,41,64,young
6fe6069e-ca8a-453e-90bd-39b0f3d641a4,24,Male,102,50,young
7a00a2b7-457a-47f1-a9c4-923ac705e1fb,22,Male,146,80,young
5b7cb150-e338-4f26-b241-4139b14bc3ee,20,Male,183,4,young
b054817e-e5b6-4172-9fe2-89467a86c549,19,Male,159,61,young
11d8346e-291a-458b-9964-bcedb3759694,18,Male,129,27,young
98f345a6-1e1b-4a10-9e39-3728bab2ac86,23,Male,30,81,young
41b1a359-0348-4e08-899f-f4d2c6e59eb6,21,Male,58,16,young
3b060e96-a4b6-44a1-b6c0-a551c8ac9915,27,Male,194,98,young
245ba095-455f-48dd-a021-c74b0734eef7,20,Male,117,10,young
921e19c0-ccfa-4466-9c5b-73bf5381bae2,18,Male,32,95,young
cfe716cd-002a-4c91-a999-30a06c48f06e,27,Male,20,48,young
32ea65f6-83ec-4652-bf83-c85710788fd0,22,Male,98,67,young
7802a35a-bc0d-4731-b2ce-5bcb2cfdac66,27,Male,54,46,young
f686920c-1b33-499f-9f75-cd32586a9c0d,27,Male,102,88,young
eee4e68f-5834-4e2e-a3e6-0c4f02ee8b88,24,Male,194,100,young
aefa93a9-9d37-4e4f-b727-043cc693a69a,19,Male,93,100,young
bdd015b8-3130-44af-a4b9-4fee7e6f0497,20,Male,137,17,young
1f69db4b-3abc-4410-a339-c972aa38293e,18,Male,193,40,young
4d1e01fb-8f2d-400c-9d9c-dffe2fd6e536,20,Male,26,31,young
00bd11c3-9f5c-4060-bf5b-73cc2ba0069e,22,Male,45,57,young
4be3e104-cd9a-43c8-862f-a9b3f6892053,26,Male,99,10,young
dd2e6488-1811-43cc-8267-16bce7a3a47a,21,Male,69,44,young
b7f96d1a-33ce-4633-ab3c-c331aa9fff78,28,Male,32,71,young
b8263d9f-dcd2-4922-8cea-5304f6bacd55,29,Male,197,16,young
ddac6428-ad45-439d-bde3-cd1f667ff99b,24,Male,110,41,young
bf2af1cb-a930-4bbf-90a1-d8910819dba0,26,Male,66,4,young
8541d8c4-9b61-40fe-bdaa-7305e8f43909,20,Male,47,16,young
81e781c2-1c86-489f-a26a-daf5c142ea58,26,Male,152,91,young
bc148b1b-bcd2-4970-90be-2c54bfd8d090,18,Male,32,94,young
0b988238-a81a-42ab-96f9-1bfd4032986b,22,Male,154,41,young
5e6b3525-888d-4eed-97b8-9fd29baf3dec,24,Male,145,57,young
b84c5655-8ee1-48f2-ac93-f91c996489e9,26,Male,170,96,young
f6ffbe9c-b92c-4579-9255-a9948dd958ed,19,Male,30,100,young
045349b6-1a5d-4cae-8106-0c153c31dc41,22,Male,178,80,young
6bcbf921-c778-478d-a16e-1c74cfe6508a,24,Male,127,8,young
5035fc62-9e44-4ee6-8273-32c619520f0a,22,Male,50,46,young
42853e4a-75b9-45dc-9891-9ee7b7a03964,20,Male,80,31,young
bd762b9e-2d58-4dd5-be46-43789a4ab587,24,Male,182,43,young
e7fbc4c5-119d-4527-bcc2-7658519a9d88,29,Male,160,47,young
7245babc-5cf9-4a31-9389-1b71da5937c5,24,Male,42,72,young
971ae077-e987-42a2-96e5-3f8bc1e73816,18,Male,145,4,young
4eb67446-c170-4104-8ca0-94f5183777a7,23,Male,118,1,young
451c84d4-4540-4d05-9227-c392824da0dd,28,Male,92,89,young
45937f6c-ddec-4520-9e9b-b536dd02aa7a,28,Male,88,84,young
76d69667-3409-46e8-8079-cc79441c4c00,27,Male,183,79,young
98d8ef80-41fd-4de2-a98c-8b7c507b37de,22,Male,61,91,young
cd68544f-d3c3-4cb8-9b2c-6ebfdfa5b326,21,Male,96,10,young
5ad184b2-1682-43c9-974a-00cdcdc38e65,23,Male,193,61,young
3280436c-f8a7-4380-b0e2-9c7efef7af33,21,Male,120,42,young
8caab713-8f0f-49a4-9e11-6cb8dbd792f0,22,Male,50,73,young
72ecc095-c468-4434-b4e0-0faa8d7dfb5c,24,Male,53,74,young
6a637f72-88a2-4cee-a832-bcfaa4d22468,23,Male,118,7,young
0bf33378-559f-4b29-80f9-90dacbfb37ae,23,Male,45,16,young
a80f582c-f910-4bb7-804e-c0c7b2687c64,23,Male,149,90,young
991d9975-eab9-4d37-ab25-cc52602bef49,18,Male,69,13,young
8f05d102-9073-474b-a5b5-d58aff587638,18,Male,129,83,young
a9e7b213-4714-49b1-aa54-e8b75d9332f2,23,Male,59,13,young
507445df-b7a1-4d9f-84ee-bf0efc19edb8,28,Male,159,5,young
073d6744-4d96-4637-afc5-a2637bc43f18,26,Male,144,36,young
a08c4e0e-d1fe-48e7-9366-aab11ae409cd,22,Male,73,74,young
b8b8f561-ebca-4401-8afe-544c906554ba,19,Male,78,2,young
